query_seq,query_meta,lookup_seq,D_score,lookup_meta,prob_exact
MRWQEMGYIFYPRKLR,>sp|A0A0C5B5G6|MOTSC_HUMAN Mitochondrial-derived peptide MOTS-c OS=Homo sapiens OX=9606 GN=MT-RNR1 PE=1 SV=1,MFLINGHKQESLAVSDRATQFGDGCFTTARVIDGKVSLLSAHIQRLQDACQRLMISCDFWPQLEQEMKTLAAEQQNGVLKVVISRGSGGRGYSTLNSGPATRILSVTAITLALSPVRLGRNPHLAGIKHLNRLEQVLIRSHLEQTNADEALVLDSEGWVTECCAANLFWRKGNVVYTPRLDQAGVNGIMRQFCIRLLAQSSYQLVEVQASLEESLQADEMVICNALMPVMPVCACGDVSFSSATLYEYLAPLCE,0.9997819,>1et0A,2.831837022115703e-07
MRWQEMGYIFYPRKLR,>sp|A0A0C5B5G6|MOTSC_HUMAN Mitochondrial-derived peptide MOTS-c OS=Homo sapiens OX=9606 GN=MT-RNR1 PE=1 SV=1,SEFDYELPPELIAQEPVEPRDASRLMVLHRKTQRIEHRIFREIIEYLEPGDLLVLNVSKVIPARLYARKASIEILLIERLEEGIWKCLVRPGQKVKKGTELVIDEDLSAVCLGRGEDGTRILKFQPQDDRLIFEKGTAGLHFTPELIEKLKKKGVQFAEVVLHVHEEFYQVPKETVRKLRETRERGNRIVAVGTTTVRTLETIARLPEQEEYVGKTDLFIYPPFEFKLVDALVTNFHLPRSTLLMLVAAFAGKDFVMEAYREAVKRRYRFFSFGDAMLIL,0.9997689,>1vkyA,2.831837022115703e-07
MRWQEMGYIFYPRKLR,>sp|A0A0C5B5G6|MOTSC_HUMAN Mitochondrial-derived peptide MOTS-c OS=Homo sapiens OX=9606 GN=MT-RNR1 PE=1 SV=1,TINVTGDGNVFKPSAETSSTAVPSLSLSPGMLN,0.9997556,>1jmuA,1.844659047978844e-07
MRWQEMGYIFYPRKLR,>sp|A0A0C5B5G6|MOTSC_HUMAN Mitochondrial-derived peptide MOTS-c OS=Homo sapiens OX=9606 GN=MT-RNR1 PE=1 SV=1,KKMAFTLADRVTEEMLADKAALVVEVVEENYHDAPIVGIAVVNEHGRFFLRPETALADPQFVAWLGDETKKKSMFDSKRAAVALKWKGIELCGVSFDLLLAAYLLDPAQGVDDVAAAAKMKQYEAVRPDEAVYGKGAKRAVPDEPVLAEHLVRKAAAIWELERPFLDELRRNEQDRLLVELEQPLSSILAEMEFAGVKVDTKRLEQMGKELAEQLGTVEQRIYELAGQEFNINSPKQLGVILFEKLQLPVLKKTKTGYSTSADVLEKLAPYHEIVENILHYRQLGKLQSTYIEGLLKVVRPDTKKVHTIFNQALTQTGRLSSTEPNLQNIPIRLEEGRKIRQAFVPSESDWLIFAADYSQIELRVLAHIAEDDNLMEAFRRDLDIHTKTAMDIFQVSEDEVTPNMRRQAKAVNFGIVYGISDYGLAQNLNISRKEAAEFIERYFESFPGVKRYMENIVQEAKQKGYVTTLLHRRRYLPDITSRNFNVRSFAERMAMNTPIQGSAADIIKKAMIDLNARLKEERLQAHLLLQVHDELILEAPKEEMERLCRLVPEVMEQAVTLRVPLKVDYHYGSTWYDAK,0.9997528,>2hhvA,1.8163179457298728e-07
MRWQEMGYIFYPRKLR,>sp|A0A0C5B5G6|MOTSC_HUMAN Mitochondrial-derived peptide MOTS-c OS=Homo sapiens OX=9606 GN=MT-RNR1 PE=1 SV=1,NYKEKLQQYAELLVKVGMNVQPKQPVFIRSSVETLELTHLIVEEAYHCGASDVRVVYSDPTLKRLKFENESVEHFANHEIKSYDVEARMDYVKRGAANLALISEDPDLMDGIDSQKLQAFQQQNARAFKGYMESVQKNQFPWVVAAFPSKAWAKRVYPELSVEEAYIKFIDEVFDIVRIDGNDPVENWRQHIANLSVYAQKLQQKNYHALHYVSEGTDLTVGLAKNHIWEDATSYVNGKEQAFIANIPTEEVFTAPDRNRVDGYVTNKLPLSYNGTIIDQFKLMFKDGEIIDFSAEKGEAVLKDLINTDEGSRRLGEVALVPDDSPISNRNTIFYNTLFDENAACHLAIGSAYAFNIQGGTEMTVEEKIASGLNDSNVHVDFMIGSSDLTIYGIFEDGSKELVFENGNWASTF,0.99973035,>1zjcA,1.7082453586973605e-07
MRWQEMGYIFYPRKLR,>sp|A0A0C5B5G6|MOTSC_HUMAN Mitochondrial-derived peptide MOTS-c OS=Homo sapiens OX=9606 GN=MT-RNR1 PE=1 SV=1,MQTVNEMLRRAATRAPDHCALAVPARGLRLTHAELRARVEAVAARLHADGLRPQQRVAVVAPNSADVVIAILALHRLGAVPALLNPRLKSAELAELIKRGEMTAAVIAVGRQVADAIFQSGSGARIIFLGDLVRDGEPYSYGPPIEDPQREPAQPAFIFYTSGTTGLPKAAIIPQRAAESRVLFMSTQVGLRHGRHNVVLGLMPLYHVVGFFAVLVAALALDGTYVVVEEFRPVDALQLVQQEQVTSLFATPTHLDALAAAAAHAGSSLKLDSLRHVTFAGATMPDAVLETVHQHLPGEKVNIYGTTEAMNSLYMRQPKTGTEMAPGFFSEVRIVRIGGGVDEIVANGEEGELIVAASDSAFVGYLNQPQATAEKLQDGWYRTSDVAVWTPEGTVRILGRVDDMIISGGENIHPSEIERVLGTAPGVTEVVVIGLADQRWGQSVTACVVPRLGETLSADALDTFCRSSELADFKRPKRYFILDQLPKNALNKVLRRQLVQQVS,0.9997245,>3cw9A,1.6975110075101286e-07
MRWQEMGYIFYPRKLR,>sp|A0A0C5B5G6|MOTSC_HUMAN Mitochondrial-derived peptide MOTS-c OS=Homo sapiens OX=9606 GN=MT-RNR1 PE=1 SV=1,GRVYYINSHGTLSRHENTLRFENAEVKKDIPVEDVEEIFVFAELSLNTKLLNFLASKGIPLHFFNYYGYYTGTFYPRESSVSGHLLIKQVEHYLDAQKRLYLAKSFVIGSILNLEYVYKISADTYLNKVKETNSIPELXSVEAEFRKLCYKKLEEVTGWELEPPQNPLNALISFGNSLTYAKVLGEIYKTQLNPTVSYLHEPSRFSLSLDVAEVFKPIFVDNLIIRLIQENKIDKTHFSTELNXTFLNEIGRKVFLKAFNELLETTIFYPKLNRKVSHRTLIKLELYKLIKHLLEEEVYLPLNYGGLK,0.9997024,>2yzsA,1.6792258768707625e-07
MRWQEMGYIFYPRKLR,>sp|A0A0C5B5G6|MOTSC_HUMAN Mitochondrial-derived peptide MOTS-c OS=Homo sapiens OX=9606 GN=MT-RNR1 PE=1 SV=1,ANPYGAYVAAPAGPAADMQQLFLNAWGQRLAHGRVRWVAALELHPAFDFFVGVADVELPGGDVPPAGPGEIQATWRVVNGNLPLALCPAAFRDARGLELGVGRHAMAPATIAAVRGAFDDRNYPAVFYLLQAAIHGSEHVFCALARLVVQCITSYWNNTRCAAFVNDYSLVSYVVTYLGGDLPEECMAVYRDLVAHVEALAQLVDDFTLTGPELGGQAQAELNHLMRDPALLPPLVWDCDALMRRAALDRHRDCRVSAGGHDPVYAAACNVATADFNRNDGQLLHNTQARAADAADDRPHRGADWTVHHKIYYYVMVPAFSRGRCCTAGVRFDRVYATLQNMVVPEIAPGEECPSDPVTDPAHPLHPANLVANTVNAMFHNGRVVVDGPAMLTLQVLAHNMAERTTALLCSAAPDAGANTANMRIFDGALHAGILLMAPQHLDHTIQNGDYFYPLPVHALFAGADHVANAPNFPPALRDLSRQVPLVPPALGANYFSSIRQPVVQHVRESAAGENALTYALMAGYFKISPVALHHQLKTGLH,0.9996976,>1no7A,1.6738572785591436e-07
MRWQEMGYIFYPRKLR,>sp|A0A0C5B5G6|MOTSC_HUMAN Mitochondrial-derived peptide MOTS-c OS=Homo sapiens OX=9606 GN=MT-RNR1 PE=1 SV=1,SNAMFCYQCQETVGNKGCTQVGVCGKKPETAALQDALIYVTKGLGQIATRLRAEGKAVDHRIDRLVTGNLFATITNANFDDDILAERVRMTCAAKKELAASLTDKSGLSDAALWEASEKSAMLAKAGTVGVMATTDDDVRSLRWLITFGLKGMAAYAKHADVLGKHENSLDAFMQEALAKTLDDSLSVADLVALTLETGKFGVSAMALLDAANTGTYGHPEITKVNIGVGSNPGILISGHDLRDLEMLLKQTEGTGVDVYTHSEMLPAHYYPAFKKYAHFKGNYGNAWWKQKEEFESFNGPVLLTTNCLVPPKDSYKDRVYTTGIVGFTGCKHIPGEIGEHKDFSAIIAHAKTCPAPTEIESGEIIGGFAHNQVLALADKVIDAVKSGAIKKFVVMAGCDGRAKSRSYYTDFAEGLPKDTVILTAGCAKYRYNKLNLGDIGGIPRVLDAGQCNDSYSLAVIALKLKEVFGLEDVNDLPIVYNIAWYEQKAVIVLLALLSLGVKNIHLGPTLPAFLSPNVAKVLVEQFNIGGITSPQDDLKAFF,0.99969757,>1gnlA,1.6738572785591436e-07
MRWQEMGYIFYPRKLR,>sp|A0A0C5B5G6|MOTSC_HUMAN Mitochondrial-derived peptide MOTS-c OS=Homo sapiens OX=9606 GN=MT-RNR1 PE=1 SV=1,VDFTVPDVQQILDDIKALAAEQVYKIVKVPSTSFRHIVTQSRDRVLRVDTYYEEMSQVGDVITEDEPEKFYSTIIKKVRFIRGKGSFILHDIPARDHRGMEVAEPEVLGVEFKNVLPVLTAEHRAMIQNALDGSIIENGNVATRDVDVFIGACSEPIYRIYNRLQGYIEAVQLQELRNSIGWLERLGQRKRITYSQEVLTDFRRQDMIWVLALQLPVNPQVVWDVPRSSIANLIMNIATCLPTGEYIAPNPRISSITLTQRITTTGPFAILTGSTPTAQQLNDVRKIYLALMFPGQIILDLKIDPGERMDPAVRMVAGVVGHLLFTAGGRFTNLTQNMARQLDIALNDYLLYMYNTRVQVNYGPTGEPLDFQIGRNQYDCNVFRADFATGTGYNGWATIDVEYRDPAPYVHAQRYIRYCGIDSRELINPTTYGIGMTYHCYNEMLRMLVAAGKDSEAAYFRSMLPFHMVRFARINQIINEDLHSVFSLPDDMFNALLPDLIAGAHQNADPVVLDVSWISLWFAFNRSFEPTHRNEMLEIAPLIESVYASELSVMKVDMRHLSLMQRRFPDVLIQARPSHFWKAVLNDSPEAVKAVMNLSHSHNFINIRDMMRWVLLPSLQPSLKLVLEEEAWAAANDFEDLMLTDQVYMHRDMLPEPRLDDIERFRQEGFYYTNMLEAPPEIDRVVQYTYEIARLQANMGQFRAALRRIMDDDDWVRFGGVLRTVRVKFFDARPPDDILQGLPFSYDTNEKGGLSYATIKYATETTIFYLIYNVEFSNTPDSLVLINPTYTMTKVFINKRIVERVRVGQILAVLNRRFVAYKGKMRIMDITQSLKMGTKLAAPTV,0.99969244,>2btvA,1.6714651645766386e-07
MRWQEMGYIFYPRKLR,>sp|A0A0C5B5G6|MOTSC_HUMAN Mitochondrial-derived peptide MOTS-c OS=Homo sapiens OX=9606 GN=MT-RNR1 PE=1 SV=1,NITLKIIETYLGRVPSVNEYHMLKSQARNIQKITVFNKDIFVSLVKKNKKRFFSDVNTSASEIKDRILSYFSKQTQTYNIGKLFTIIELQSVLVTTYTDILGVLTIKAPTSMEELARDMLNSMNVAVIVSSLVKNVNKLMEEYLRRHNKSCICYGSYSLYLINPNIRYGDIDILQTNSRTFLIDLAFLIKFITGNNIILSKIPYLRNYMVIKDENDNHIIDSFNIRQDTMNVVPKIFIDNIYIVDPTFQLLNMIKMFSQIDRLEDLSKDPEKFNARMATMLEYVRYTHGIVFDGKRNNMPMKCIIDENNRIVTVTTKDYFSFKKCLVYLDENVLSSDILDLNADTSCDFESVTNSVYLIHDNIMYTYFSNTILLSDKGKVHEISARGLCAHILLYQMLTSGEYKQCLSDLLNSMMNRDKIPIYSHTERDKKPGRHGFINIEKDIIVF,0.9996916,>2gafD,1.6696503318096105e-07
MRWQEMGYIFYPRKLR,>sp|A0A0C5B5G6|MOTSC_HUMAN Mitochondrial-derived peptide MOTS-c OS=Homo sapiens OX=9606 GN=MT-RNR1 PE=1 SV=1,ATTHKFEHPLNEKTRIYLRVESLLRQAHLASGFADNHQYQLFFRALFDXVEIFEQIQLKSELAKDLEKQRLSYRHWLNVEGVDQEALNSLLNEIDVVHSQLXGAERFGQALKEDRFLSSIRQRFNLCCFDLPALHYWLHLPIERKKHDANQWQKSLKPLSDALTLWLKLARETGHFKAQIARAGFFQSDADEANILRLHIPXKYGVYPXISGHKNRFAIKFXAFENGQACSQDVEFELAVC,0.99968755,>2oezA,1.6677662805676546e-07
MRWQEMGYIFYPRKLR,>sp|A0A0C5B5G6|MOTSC_HUMAN Mitochondrial-derived peptide MOTS-c OS=Homo sapiens OX=9606 GN=MT-RNR1 PE=1 SV=1,DVREDRVVTNSTGNPINEPFVTQRIGEHGPLLLQDYNLIDSLAHFNRENIPQRNPHAHGSGAFGYFEVTDDITDICGSAMFSKIGKRTKCLTRFSTVGGDKGSADTVRDPRGFATKFYTEEGNLDWVYNNTPVFFIRDPSKFPHFIHTQKRNPQTNLRDADMFWDFLTTPENQVAIHQVMILFSDRGTPANYRSMHGYSGHTYKWSNKNGDWHYVQVHIKTDQGIKNLTIEEATKIAGSNPDYCQQDLFEAIQNGNYPSWTVYIQTMTERDAKKLPFSVFDLTKVWPQGQFPLRRVGKIVLNENPLNFFAQVEQAAFAPSTTVPYQEASADPVLQARLFSYADAHRYRLGPNFHQIPVNCPYASKFFNPAIRDGPMNVNGNFGSEPTYLANDKSYTYIQQDRPIQQHQEVWNGPAIPYHWATSPGDVDFVQARNLYRVLGKQPGQQKNLAYNIGIHVEGACPQIQQRVYDMFARVDKGLSEAIKKVAE,0.9996875,>1a4eA,1.6677662805676546e-07
MRWQEMGYIFYPRKLR,>sp|A0A0C5B5G6|MOTSC_HUMAN Mitochondrial-derived peptide MOTS-c OS=Homo sapiens OX=9606 GN=MT-RNR1 PE=1 SV=1,EDYAYVLDFMPYGHPDDKRPIHRREPLAQVVGERNFTLLEVSIRKGKQPLVMDRVYIGKGERDVVYKIKRRLRYEDLTPAAKTELPYVIEHIIKQDEKKYVDFFNDSITTRMHQLELLPGVGKKMMWAIIEERKKRPFESFEDIAQRVKGIQRPEKLIVSRIIYEIKNPQTKYKLFTA,0.9996864,>2i5hA,1.6677662805676546e-07
MRWQEMGYIFYPRKLR,>sp|A0A0C5B5G6|MOTSC_HUMAN Mitochondrial-derived peptide MOTS-c OS=Homo sapiens OX=9606 GN=MT-RNR1 PE=1 SV=1,SAHHLRVGIDVGTHSVGLATLRVDDHGTPIELLSALSHIHDSGSAVSRVAPDPLPGQGSFRRAPKCDPEFQRFRIISIVANLRISETKGENRPLTADERRHVVTFLTEDSQADLTWVDVAEKLGVHRRDLRGTRSAARPPIDATDRIXRQTKISSLKTWWEEADSEQRGAXIRYLYEDPTDSECAEIIAELPEEDQAKLDSLHLPAGRAAYSRESLTALSDHXLATTDDLHEARKRLFGVDDSWAPPAEAINAPVGNPSVDRTLKIVGRYLSAVESXWGTPEVIHVEHVRDGFTSERXADERDKANRRRYNDNQEAXKKIQRDYGKEGYISRGDIVRLDALELQGCACLYCGTTIGYHTCQLDHIVPQAGPGSNNRRGNLVAVCERCNRSKSNTPFAVWAQKCGIPHVGVKEAIGRVRGWRKQTPNTSSEDLTRLKKEVIARLRRTQEDPEIDERSXESVAWXANELHHRIAAAYPETTVXVYRGSITAAARKAAGIDSRINLIGEKGRKDRIDRRHHAVDASVVALXEASVAKTLAERSSLRGEQRLTGKEQTWKQYTGSTVGAREHFEXWRGHXLHLTELFNERLAEDKVYVTQNIRLRLSDGNAHTVNPSKLVSHRLGDGLTVQQIDRACTPALWCALTREKDFDEKNGLPAREDRAIRVHGHEIKSSDYIQVFSKRKKTDSDRDETPFGAIAVRGGFVEIGPSIHHARIYRVEGKKPVYAXLRVFTHDLLSQRHGDLFSAVIPPQSISXRCAEPKLRKAITTGNATYLGWVVVGDELEINVDSFTKYAIGRFLEDFPNTTRWRICGYDTNSKLTLKPIVLAAEGLENPSSAVNEIVELKGWRVAINVLTKVHPTVVRRDALGRPRYSSRSNLPTSWTIE,0.9996837,>4ogcA,1.6677662805676546e-07
MRWQEMGYIFYPRKLR,>sp|A0A0C5B5G6|MOTSC_HUMAN Mitochondrial-derived peptide MOTS-c OS=Homo sapiens OX=9606 GN=MT-RNR1 PE=1 SV=1,ALEWCKNRLEITGRSVFVDIXQQWVTGEEVPLYRHAIQQSIRLFLAGCAGILKPVKCXEYPPFPRLVSHGTGSAVASNLAFQHWLDLLLKDAVLDGDTIRQIDRIYLQSGIASVKWETIPEGARQIITQLXARQYPDWFGVASWSSHINGADCWTKLGVXQEHACNCDXLXIIPTRLAIELNGNSQLLTGVSTTHDLYSHLYGXAWPSGQNIIWQRDRINSLRLDFDSPSYPPSAELXGELSAVFDCEIRHWYQEPVNGIRGYDCYDRGDHVDSEYGAGPF,0.9996821,>2ijrA,1.6677662805676546e-07
MRWQEMGYIFYPRKLR,>sp|A0A0C5B5G6|MOTSC_HUMAN Mitochondrial-derived peptide MOTS-c OS=Homo sapiens OX=9606 GN=MT-RNR1 PE=1 SV=1,ALPGPSQRQLEVYDQCLIGAARWPDDSSKSNTPENRAYCQSMYNSIRSAGDEISRGGITSFEELWGRATEWRLSKLQRGEPLYSAFASERTSDTDAVTPLVKPYKSVLARVVDHEDAHDEIMQDNLFGDLNVKVYRQTAYLHGNVIPLNTFRVATDTEYLRDRVAHLRTELGAKALKQHLQRYNPDRIDHTNASYLPIIKDHLNDLYRQAISSDLSQAELISLIARTHWWAASAMPDQRGSAAKAEFAARAIASAHGIELPPFRNGNVSDIEAMLSGEEEFVEKYRSLLD,0.999681,>1nh1A,1.6677662805676546e-07
MRWQEMGYIFYPRKLR,>sp|A0A0C5B5G6|MOTSC_HUMAN Mitochondrial-derived peptide MOTS-c OS=Homo sapiens OX=9606 GN=MT-RNR1 PE=1 SV=1,RQNATEIRASVGKMIDGIGRFYIQMCTELKLSDYEGRLIQNSLTIERMVLSAFDPKKTGGPIYRRVDGKWRRELILYDKEEIRRIWRQANNGDDATAGLTHMMIWHSNLNDATYQRTRALVRTGMDPRMCSLMQGSTLPRRSGAAGAAVKGVGTMVMELIRMIKGRRTRIAYERMCNILKGKFQTAAQRTMVDQVRESRNPGNAEFEDLIFLARSALILRGSVAHKSCLPACVYGSAVASGYDFEREGYSLVGIDPFRLLQNSQVYSLIRPNENPAHKSQLVWMACHSAAFEDLRVSSFIRGTKVVPRGKLSTRGVQIASNENMETMESSTLELRSRYWAIRTRSGGNTNQQRASSGQISIQPTFSVQRNLPFDRPTIMAAFDMRTEIIRLMESARPEDVSFQGRGVFELSDEKATSPIVPSFGSYFFGDNAEEYDN,0.9996797,>4dynA,1.6677662805676546e-07
MRWQEMGYIFYPRKLR,>sp|A0A0C5B5G6|MOTSC_HUMAN Mitochondrial-derived peptide MOTS-c OS=Homo sapiens OX=9606 GN=MT-RNR1 PE=1 SV=1,MLRFVTKNSQDKSSDLFSICSDRGTFVAHNRVRTDFKFDNLVFNRVYGVSQKFTLVGNPTVCFNEGSSYLEGIAKKYLTLDGGLAIDNVLNELRSTCGIPGNAVASHAYNITSWRWYDNHVALLMNMLRAYHLQVLTEQGQYSAGDIPMYHDGHVKIKLPVTIDDTAGPTQFAWPSDRSTDSYPDWAQFSESFPSIDVPYLDVRPLTVTEVNFVLMMMSKWHRRTNLAIDYEAPQLADKFAYRHALTVQDADEWIEGDRTDDQFRPPSSKVMLSALRKYVNHNRLYNQFYTAAQLLAQIMMKPVPNCAEGYAWLMHDALVNIPKFGSIRGRYPFLLSGDAALIQATALEDWSAIMAKPELVFTYAMQVSVALNTGLYLRRVKKTGFGTTIDDSYEDGAFLQPETFVQAALACCTGQDAPLNGMSDVYVTYPDLLEFDAVTQVPITVIEPAGYNIVDDHLVVVGVPVACSPYMIFPVAAFDTANPYCGNFVIKAANKYLRKGAVYDKLEAWKLAWALRVAGYDTHFKVYGDTHGLTKFYADNGDTWTHIPEFVTDGDVMEVFVTAIERRARHFVELPRLNSPAFFRSVEVSTTIYDTHVQAGAHAVYHASRINLDYVKPVSTGIQVINAGELKNYWGSVRRTQQGLGVVGLT,0.9996793,>1m1cA,1.6677662805676546e-07
MRWQEMGYIFYPRKLR,>sp|A0A0C5B5G6|MOTSC_HUMAN Mitochondrial-derived peptide MOTS-c OS=Homo sapiens OX=9606 GN=MT-RNR1 PE=1 SV=1,PHLHQPSRDLFARRGERLLQLAEGHPMGDYLRLVAGLCRLQQALLDNPPALAPLDPERLRKSREHGMPPLAYDLLVREGAWLPWLDALLAGYPAPANAAVGAALEQLREAEEGQRKAWAIALLSGQFDLLPAALVPFLGAALQVAWSHWLLGLEEGAVVETESRTLCPACGSPPMAGMIRQTGLRYLSCSLCACEWHYVRIKCSHCEESKHLAYLSLEHGQPAEKAVLRAETCPSCQGYLKQFYLEFDRHADALADDLASLALDMRLAEDGYLRRSPNLLLAPGG,0.99967766,>2fiyA,1.6677662805676546e-07
MRWQEMGYIFYPRKLR,>sp|A0A0C5B5G6|MOTSC_HUMAN Mitochondrial-derived peptide MOTS-c OS=Homo sapiens OX=9606 GN=MT-RNR1 PE=1 SV=1,DTIKWVTLKHNGVIFPPPYQPLPSHIKLYYDGKPVDLPPQAEEVAGFFAALLESDHAKNPVFQKNFFNDFLQVLKESGGPLNGIEIKEFSRCDFTKMFDYFQLQKEQKKQLEKKQIRLEREKFEEDYKFCELDGRREQVGNFKVEPPDLFRGRGAHPKTGKLKRRVNPEDIVLNLSKDAPVPPAPEGHKWGEIRHDNTVQWLAMWRENIFNSFKYVRLAA,0.9996776,>1oisA,1.6677662805676546e-07
MRWQEMGYIFYPRKLR,>sp|A0A0C5B5G6|MOTSC_HUMAN Mitochondrial-derived peptide MOTS-c OS=Homo sapiens OX=9606 GN=MT-RNR1 PE=1 SV=1,DRIDVLKGEKALKASGLVPEHADAFKKIARELNTYILFRPVNKLATNLIKSGVATKGLNVHGKSSDWGPVAGYIPFDQDLSKKHGQQLAVEKGNLENKKSITEHEGEIGKIPLKLDHLRIEELKENGIILKGKKEIDNGKKYYLLESNNQVYEFRISDENNEVQYKTKEGKITVLGEKFNWRNIEVMAKNVEGVLKPLTADYDLFALAPSLTEIKKQIPQKEWDKVVNTPNSLEKQKGVTNLLIKYGIERKPDSTKGTLSNWQKQMLDRLNEAVKYTGYTGGDVVNHGTNEIFIINPEGEFILTKNWEMTGRFIEKNITGKDYLYYFNRSYNKIAPGNKAYIEWTDPITKAKINTIPTSAEFIKNLSSIRRSSNVGVYKDSGDKDEFAKKESVKKIAGYLSDYYNSANHIFSQEKKRKISIFRGIQAYNEIENVLKSKQIAPEYKNYFQYLKERITNQVQLLLTHQKSNIEFKLLYKQLNFTENETDNFEVFQKIIDE,0.9996774,>1k8tA,1.6677662805676546e-07
MRWQEMGYIFYPRKLR,>sp|A0A0C5B5G6|MOTSC_HUMAN Mitochondrial-derived peptide MOTS-c OS=Homo sapiens OX=9606 GN=MT-RNR1 PE=1 SV=1,AKLEALHERHEEVQALLGDAQTIADQERFRALSREYAQLSDVSRCFTDWQQVQQLQVLLLPKDPDDERNAFLEVRAGTGGDEAALFAGDLFRMYSRYAEARRWRVEIMSASEGEHGGYKEIIAKISGDGVYGRLKFESGGHRVQRVPATESQGRIHTSACTVAVMPELPDAELPDVNPADLRIDTFRSSGAGGQHVNTTDSAIRITHLPTGIVVECQDERSQHKNKAKALSVLGARIHAAEMAKRQRRNSDRNRTYNFPQGRVTDHRINLTLYRLDEVMEGKLDMLIEPIIQEHQADQLA,0.99967337,>2b3tB,1.6677662805676546e-07
MRWQEMGYIFYPRKLR,>sp|A0A0C5B5G6|MOTSC_HUMAN Mitochondrial-derived peptide MOTS-c OS=Homo sapiens OX=9606 GN=MT-RNR1 PE=1 SV=1,FAQECQNLEVERQRRLERIKQKQSQLQELILQQIAFKNLVQRNRHAEQQASRPPPPNSVIHLPFIIVNTSKKTVIDCSISNDKFEYLFNFDNTFEIHDDIEVLKRMGMACGLESGSCSAEDLKMARSLVPKALEPYVTEMAQGTVGGVF,0.99967116,>2azeA,1.6677662805676546e-07
MRWQEMGYIFYPRKLR,>sp|A0A0C5B5G6|MOTSC_HUMAN Mitochondrial-derived peptide MOTS-c OS=Homo sapiens OX=9606 GN=MT-RNR1 PE=1 SV=1,DLVDRLNTTFRQMEQELAIFAAHLEQHKLLVARVFSLPEVKKEDEHNPLNRIEVKQHLGNDAQSLALRHFRHLFIQQQSENRSSKAAVRLPGVLCYQVDNLSQAALVSHIQHINKLKTTFEHIVTVESELPTAARFEWVHRHLPGLITLNAYRTLTVLHDPATLRFGWANKHIIKNLHRDEVLAQLEKSLKSPRSVAPWTREEWQRKLEREYQDIAALPQNAKLKIKRPVKVQPIARVWYKGDQKQVQHACPTPLIALINRDNGAGVPDVGELLNYDADNVQHRYKPQAQPLRLIIPRLHLYVAD,0.9996685,>2i06A,1.6677662805676546e-07
MRWQEMGYIFYPRKLR,>sp|A0A0C5B5G6|MOTSC_HUMAN Mitochondrial-derived peptide MOTS-c OS=Homo sapiens OX=9606 GN=MT-RNR1 PE=1 SV=1,TFAEIAEAFLEPEAVRIAKEAVEEYGDHERKIIQIGIHFQVCCMFCDEYLSTNGSDRFVLIEGRKRGTAVSLQNELCKSYDLEPLPFLCDIFDREEKQFVEIGITRKADDSYFQSKFGKLGNSCKIFVFSYDGRLDKNCEGPMEEQKLRIFSFLATAADFLRKENMFNEIFLPDNEETIIEMKKGKTFLELRDESVPLPFQTYEQMKDYCEKFKGNPRELASKVSQMQSNIKLPIKHYEQNKFRQIRLPKGPMAPYTHKFLMEEAWMFTKISDPERSRAGEILIDFFKKGNLSAIRPKDKPLQGKYPIHYKNLWNQIKAAIADRTMVINENDHSEFLGGRASKKIPEISLTQDVITTEGLKQSENKLPEPRSFPRWFNAEWMWAIKDSDLTGWVPMAEYPPADNELEDYAEHLNKTMEGVLQGTNCAREMGKCILTVGALMTECRLFPGKIKVVPIYARSKERKSMQEGLPVPSEMDCLFGICVKSKSHDGMYTIITFEFSIREPNLEKHQKYTVFEAGHTTVRMKKREVPLYLYCRTTALSKIKNDWLSKARRCFITTMDTVETICLRESAKAEENLVEKTLNEKQMWIGKKNGELIAQPLREALRVQLVQQFYFCIYNDSQLEGFCNEQKKILMALEGDKKNKSSFGFNPEGLLEKIEECLINNPMCLFMAQRLNELVIEASKRGAKFFKT,0.9996674,>5d9aA,1.6677662805676546e-07
MRWQEMGYIFYPRKLR,>sp|A0A0C5B5G6|MOTSC_HUMAN Mitochondrial-derived peptide MOTS-c OS=Homo sapiens OX=9606 GN=MT-RNR1 PE=1 SV=1,GSSVLEELVQLVAAANIDISINRVITDDIELLKKILAYFLPEDAILKGGHDNQLQNGIKRVKEFLESSPNTQWELRAFMAVMHFSLTADRIDDDILKVIVDSMNHHGDARSKLREELAELTAELKIYSVIQAEINKHLSSSGTINIHDKSINLMDKNLYGYTDEEIFKASAEYKILEKMPQTTIQVDGSEKKIVSIKDFLGSENKRTGALGNLKNSYSYNKDSDKSRPLNDLVSQKTTQLSDITSRFNSAIEALNRFIQKYDSVMQRLLDD,0.9996667,>1r6fA,1.6677662805676546e-07
MRWQEMGYIFYPRKLR,>sp|A0A0C5B5G6|MOTSC_HUMAN Mitochondrial-derived peptide MOTS-c OS=Homo sapiens OX=9606 GN=MT-RNR1 PE=1 SV=1,AASKLEKFTNCYSLSKTLRFKAIPVGKTQENIDNKRLLVEDEKRAEDYKGVKKLLDRYYLSFINDVLHSIKLKNLNNYISLFRKKTRTEKENKELENLEINLRKEIAKAFKGAAGYKSLFKKDIIETILPEAAKDEIALVNSFNGFTTAFTGFFDNRENXFSEEAKSTSIAFRCINENLTRYISNXDIFEKVDAIFDKHEVQEIKEKILNSDYDVEDFFEGEFFNFVLTQEGIDVYNAIIGGFVTESGEKIKGLNEYINLYNAKTKQALPKFKPLYKQVEGYTSDEEVLEVFRNTLNKNSEIFSSIKKLEKLFKNFDEYSSAGIFVKNGPAISTISKDIFGEWNLIRDKWNAEYDDIHLKKKAVVTEKYEDDRRKSFKKIGSFSLEQLQEYADADLSVVEKLKEIIIQKVDEIYKVYGSSEKLFDADFVLEKSLKKNDAVVAIXKDLLDSVKSFENYIKAFFGEGKETNRDESFYGDFVLAYDILLKVDHIYDAIRNYVTQKPYSKDKFKLYFQNPQFXGGWDKDKETDYRATILRYGSKYYLAIXDKKYAKCLQKIDKDDVNGNYEKINYKLLPGPNKXLPKVFFSKKWXAYYNPSEDIQKIYKNGTFKKGDXFNLNDCHKLIDFFKDSISRYPKWSNAYDFNFSETEKYKDIAGFYREVEEQGYKVSFESASKKEVDKLVEEGKLYXFQIYNKDFSDKSHGTPNLHTXYFKLLFDENNHGQIRLSGGAELFXRRASLKKEELVVHPANSPIANKNPDNPKKTTTLSYDVYKDKRFSEDQYELHIPIAINKCPKNIFKINTEVRVLLKHDDNPYVIGIDRGERNLLYIVVVDGKGNIVEQYSLNEIINNFNGIRIKTDYHSLLDKKEKERFEARQNWTSIENIKELKAGYISQVVHKICELVEKYDAVIALEDLNSGFKNSRVKVEKQVYQKFEKXLIDKLNYXVDKKSNPCATGGALKGYQITNKFESFKSXSTQNGFIFYIPAWLTSKIDPSTGFVNLLKTKYTSIADSKKFISSFDRIXYVPEEDLFEFALDYKNFSRTDADYIKKWKLYSYGNRIRIFAAAAWEEVCLTSAYKELFNKYGINYQQGDIRALLCEQSDKAFYSSFXALXSLXLQXRNSITGRTDVDFLISPVKNSDGIFYDSRNYEAQENAILPKNADANGAYNIARKVLWAIGQFKKAEDEKLDKVKIAISNKEWLEYAQTSVK,0.9996665,>5id6A,1.6677662805676546e-07
MRWQEMGYIFYPRKLR,>sp|A0A0C5B5G6|MOTSC_HUMAN Mitochondrial-derived peptide MOTS-c OS=Homo sapiens OX=9606 GN=MT-RNR1 PE=1 SV=1,MLMTAEQYIESLRKLNTRVYMFGEKIENWVDHPMIRPSINCVRMTYELAQDPQYADLMTTKSNLIGKTINRFANLHQSTDDLRKKVKMQRLLGQKTASCFQRCVGMDAFNAVFSTTYEIDQKYGTNYHKNFTEYLKYIQENDLIVDGAMTDPKGDRGLAPSAQKDPDLFLRIVEKREDGIVVRGAKAHQTGSINSHEHIIMPTIAMTEADKDYAVSFACPSDADGLFMIYGRQSCDTRKMEEGADIDLGNKQFGGQEALVVFDNVFIPNDRIFLCQEYDFAGMMVERFAGYHRQSYGGCKVGVGDVVIGAAALAADYNGAQKASHVKDKLIEMTHLNETLYCCGIACSAEGYPTAAGNYQIDLLLANVCKQNITRFPYEIVRLAEDIAGGLMVTMPSEADFKSETVVGRDGETIGDFCNKFFAAAPTCTTEERMRVLRFLENICLGASAVGYRTESMHGAGSPQAQRIMIARQGNINAKKELAKAIAGIK,0.9996664,>1u8vA,1.6677662805676546e-07
MRWQEMGYIFYPRKLR,>sp|A0A0C5B5G6|MOTSC_HUMAN Mitochondrial-derived peptide MOTS-c OS=Homo sapiens OX=9606 GN=MT-RNR1 PE=1 SV=1,MCIGNSTPNEQETFRAKVDEIWFRLTQKTDGTVMRDFLIEKAAEYFKQPEQPKQNAIEVISAIMAPQEEQTKSKADLYKFLAMFGPYETIMLKIASLLLISNNKGHWLTFDPQAEKNANNQRDSISGWFDQNEPNCLILKTPTGIRKIWNKPLIEATGQYLMDENGEKYDSWDKYFEMKPILTAYPTFA,0.99966145,>1q88A,1.6677662805676546e-07
MRWQEMGYIFYPRKLR,>sp|A0A0C5B5G6|MOTSC_HUMAN Mitochondrial-derived peptide MOTS-c OS=Homo sapiens OX=9606 GN=MT-RNR1 PE=1 SV=1,SHWAQIKHKKAKVDAQRGKLFSKLIREIIVATRLGGPNPEFNPRLRTAIEQAKKANXPWENIERAIKKGAGELEGEQFEEVIYEGYAPGGVAVXVLATTDNRNRTTSEVRHVFTKHGGNLGASGCVSYLFERKGYIEVPAKEVSEEELLEKAIEVGAEDVQPGEEVHIIYTVPEELYEVKENLEKLGVPIEKAQITWKPISTVQINDEETAQKVIKLLNALEELDDVQQVIANFEIPEEILQK,0.9996613,>1lfpA,1.6677662805676546e-07
MRWQEMGYIFYPRKLR,>sp|A0A0C5B5G6|MOTSC_HUMAN Mitochondrial-derived peptide MOTS-c OS=Homo sapiens OX=9606 GN=MT-RNR1 PE=1 SV=1,GLPGKLADCQERDPALSELYLVEGDSAGGSAKQGRNRKNQAILPLKGLSSQEVATLITALGRYHSIIIXTDADVDGSHIRTLLLTFFYRQXPEIVERGHVYIAQPPLYKVKKGKQEQYIKDDEAXDQYQISIALDGATLHTNASAPALAGEALEKLVSEYNATQKXINRXERRYPKAXLKELIYQPTLTEADLSDEQTVTRWVNALVSELNDKEQHGSQWKFDVHTNALFEPIVRVRTHGVDTDYPLDHEFITGGEYRRICTLGEKLRGLLEEDAFIERGERRQPVASFEQALDWLVKESRRGLSIQRYKGLGEXNPEQLWETTXDPESRRXLRVTVKDAIAADQLFTTLXGDA,0.9996612,>3nuhB,1.6677662805676546e-07
MRWQEMGYIFYPRKLR,>sp|A0A0C5B5G6|MOTSC_HUMAN Mitochondrial-derived peptide MOTS-c OS=Homo sapiens OX=9606 GN=MT-RNR1 PE=1 SV=1,NIKGLTQASRNANDGISIAQTTEGALNEINNNLQRVRELAVQSANSTNSQSDLDSIQAEITQRLNEIDRVSGQTQFNGVKVLAQDNTLTIQVGANDGETIDIDLKQINSQTLGLDTLNVQQKYKVSDTAATVTGYADTTIALDNSTFKASATGLGGTDQKIDGDLKFDDTTGKYYAKVTVTGGTGKDGYYEVSVDKTNGEVTLAGGATSPLTGGLPATATEDVKNVQVANADLTEAKAALTAAGVTGTASVVKMSYTDNNGKTIDGGLAVKVGDDYYSATQNKDGSISINTTKYTADDGTSKTALNKLGGADGKTEVVSIGGKTYAASKAEGHNFKAQPDLAEAAATTTENPLQKIDAALAQVDTLRSDLAAVQNRFNSAITNLGNTVNNLTSAR,0.99966085,>1io1A,1.6677662805676546e-07
MRWQEMGYIFYPRKLR,>sp|A0A0C5B5G6|MOTSC_HUMAN Mitochondrial-derived peptide MOTS-c OS=Homo sapiens OX=9606 GN=MT-RNR1 PE=1 SV=1,XVKSLQLAHQLKDKRILLIGGGEVGLTRLYKLXPTGCKLTLVSPDLHKSIIPKFGKFIQKRFINPNWDPTKNEIYEYIRSDFKDEYLDLENENDAWYIIXTCIPDHPESARIYHLCKERFGKQQLVNVADKPDLCDFYFGANLEIGDRLQILISTNGLSPRFGALVRDEIRNLFTQXGDLALEDAVVKLGELRRGIRLLAPDDKDVKYRXDWARRCTDLFGIQHCHNIDVKRLLDLFKVXFQEQNCSLQFPPRERLLSEYCS,0.99966025,>1kyqA,1.6677662805676546e-07
MRWQEMGYIFYPRKLR,>sp|A0A0C5B5G6|MOTSC_HUMAN Mitochondrial-derived peptide MOTS-c OS=Homo sapiens OX=9606 GN=MT-RNR1 PE=1 SV=1,WQSDALKWSVLGLLGLLVGYLVVLMYAQGEYLFAITTLILSSAGLYIFANRKAYAWRYVYPGMAGMGLFVLFPLVCTIAIAFTNYSSTNQLTFERAQEVLLDRSWQAGKTYNFGLYPAGDEWQLALSDGETGKNYLSDAFKFGGEQKLQLKETTAQPEGERANLRVITQNRQALSDITAILPDGNKVMMSSLRQFSGTQPLYTLDGDGTLTNNQSGVKYRPNNQIGFYQSINWGDEKLSPGYTVTTGWKNFTRVFTDEGIQKPFLAIFVWTVVFSLITVFLTVAVGMVLACLVQWEALRGKAVYRVLLILPYAVPSFISILIFKGLFNQSFGEINMMLSALFGVKPAWFSDPTTARTMLIIVNTWLGYPYMMILCMGLLKAIPDDLYEASAMDGAGPFQNFFKITLPLLIKPLTPLMIASFAFNFNNFVLIQLLTNGGPDRLGTTTPAGYTDLLVNYTYRIAFEGGGGQDFGLAAAIATLIFLLVGALAI,0.99965894,>3rlfF,1.6677662805676546e-07
MRWQEMGYIFYPRKLR,>sp|A0A0C5B5G6|MOTSC_HUMAN Mitochondrial-derived peptide MOTS-c OS=Homo sapiens OX=9606 GN=MT-RNR1 PE=1 SV=1,TLYQLMDGLNTFYQQSLQQPVATSARQYLEKRGLSHEVIARFAIGFAPPGWDNVLKRFGGNPENRQSLIDAGMLVTNRSYDRFRERVMFPIRDKRGRVIGFGGRVLGNDTPKYLNSPETDIFHKGRQLYGLYEAQQDNAEPNRLLVVEGYMDVVALAQYGINYAVASLGSTTADHIQLLFRATNNVICCYDGDRAGRDAAWRALETALPYMTDGRQLRFMFLPDGEDPDTLVRKEGKEAFEARMEQAMPLSAFLFNSLMPQVDLSTPDGRARLSTLALPLISQVPGETLRIYLRQELGNKLGILDDSQLE,0.9996575,>1dd9A,1.6677662805676546e-07
MRWQEMGYIFYPRKLR,>sp|A0A0C5B5G6|MOTSC_HUMAN Mitochondrial-derived peptide MOTS-c OS=Homo sapiens OX=9606 GN=MT-RNR1 PE=1 SV=1,KVKLECNPTARIYRKHFLGKEHFNYYSLDTALGHLVFSLKYDVIGDQEHLRLLLRTKCRTYHDVIPISCLFPNVVQMAKLVCEDVNVDRFYPVLYPKASRLIVTFDEHVISNNFKFGVIYQKLGQTSEEELFSTNEESPAFVEFLEFLGQKVKLQDFKGFRGGLDVTHGQTGTESVYCNFRNKEIMFHVSTKLPYTEGDAQQLQRKRHIGNDIVAVVFQDENTPFVPDMIASNFLHAYVVVQAEGGPLYKVSVTARDDVPFFGPPLPDPAVFRKGPEFQEFLLTKLINAEYACYKAEKFAKLEERTRAALLETLYEELHIHSQSMMGLGG,0.99965566,>1srqA,1.6677662805676546e-07
MRWQEMGYIFYPRKLR,>sp|A0A0C5B5G6|MOTSC_HUMAN Mitochondrial-derived peptide MOTS-c OS=Homo sapiens OX=9606 GN=MT-RNR1 PE=1 SV=1,TTIKVPPGPLGYVYARACPSEGIELLALLSARSGDSDVAVAPLVVGLTVESGFEANVAVVVGSRTTAVSLKLTPSHYSSSVYVFHGGRHLDPSTQAPNLTRLCERARRHFGFSDYTPRPGDLKHETTGEALCERLGLDPDRALLYLVVTEGFKEAVCINNTFLHLGGSDKVTIGGAEVHRIPVYPLQLFMPDFSRVIAEPFNANHRSIGEKFTYPLPFFNRPLNRLLFEAVVGPAAVALRSRNVDAVARAAAHLAFDENHEGAALPADITFTAFAGGFEQRLASVMAGDAALALESIVSMAVFDEPPTDISAWPLFEGQDTAAARANAVGAYLARAAGLVGAMVFSTNSALHLTEVDDAGPAHSKPSFYRFFLVPGTHVAANPQVDREGHVVPGFEGRPTAPLVGGTQEFAGEHLAMLSGFSPALLAKMLFYLERCDGAVIVMDVFRYVADSNQTDVPCNLCTFDTRHACVHTTLMRLRARHPKFASAARGAIGVFGTMNSMYSDCDVLGNYAETYRAATERVMAELETLQYVDQAVPTAMGRLETIITNREALHTVVNNVRQVVDREVEQLMRNLVEFKFRDGLGEANHAMSLTLDPYACGPCPLLQLLGRRSNLAVYQDLALSQCHGVFAGQSVEGRNFRNQFQPVLRRRVMDMFNNGFLSAKTLTVALSAICAPSLTAGQTAPAESSFEGDVARVTLGFPKELRVKSRVLFSAYQKPDKRVDILLGPLGFLLKQFHAAIFPNGKPPGSNQPNPQWFWTALQRNQLPARLLSREDIETIAFIKKFSLDYGAINFINLAPNNVSELAMYYMANQILRYCDHSTYFINTLTAIIAGSRRPPSVQAAAAWSAQGGAGLEAGARALMDAVDAHPGAWTSMFASCNLLRPVMAARPMVVLGLSISKYVFQAGNWASLMGGKNACPLLIFDRTRKFVLACPRAGFVCAASSLCEQLRGIISEGGAAVASSVFVATVKSLGPRTQQLQIEDWLALLEDEYLSEEMMELTARALERGNGEWSTDAALEVAHEAE,0.99965554,>1urjA,1.6677662805676546e-07
MRWQEMGYIFYPRKLR,>sp|A0A0C5B5G6|MOTSC_HUMAN Mitochondrial-derived peptide MOTS-c OS=Homo sapiens OX=9606 GN=MT-RNR1 PE=1 SV=1,MDREALLQAVKEARELAKPRNFTQSFEFIATLKEIDMRKPENRIKTEVVLPHGRGKEAKIAVIGTGDLAKQAEELGLTVIRKEEIEELGKNKRKLRKIAKAHDFFIAQADLMPLIGRYMGVILGPRGKMPKPVPANANIKPLVERLKKTVVINTRDKPYFQVLVGNEKMTDEQIVDNIEAVLNVVAKKYEKGLYHIKDAYVKLTMGPAVKVK,0.9996551,>1i2aA,1.6677662805676546e-07
MRWQEMGYIFYPRKLR,>sp|A0A0C5B5G6|MOTSC_HUMAN Mitochondrial-derived peptide MOTS-c OS=Homo sapiens OX=9606 GN=MT-RNR1 PE=1 SV=1,MRIKLIIVEGKTDESFFKVLLEKLYGFREAKKLTPEFPIGKWGFRIGEHPLVLEKDNIALVIIHAEGKQRIPKVLKSVLDSVKLGLLNVEEVYVVRDVDEGNDVFEWVLSFLREREVRVDNGAIVTEGVKIYPYGMGNLTLNEPFVKEKKELELSLAYLAKLDGILEKYRGSMRALSQDKGDKLTPKDVMHILSIANDYTGDaLSGLYEKYIGIMIHRNRELLIRFLSEVNLLPLLERMVG,0.99965465,>2p62A,1.6677662805676546e-07
MRWQEMGYIFYPRKLR,>sp|A0A0C5B5G6|MOTSC_HUMAN Mitochondrial-derived peptide MOTS-c OS=Homo sapiens OX=9606 GN=MT-RNR1 PE=1 SV=1,SMNHYTRWLELKEQNPGKYARDIAGLMNIREAELAFARVTHDAWRMHGDIREILAALESVGETKCICRNEYAVHEQVGTFTNQHLNGHAGLILNPRALDLRLFLNQWASVFHIKENTARGERQSIQFFDHQGDALLKVYATDNTDMAAWSELLARFITDENTPLELKAVRADATVVEQEWRAMTDVHQFFTLLKRHNLTRQQAFNLVADDLACKVSNSALAQILESAQQDGNEIMVFVGNRGCVQIFTGVVEKVVPMKGWLNIFNPTFTLHLLEESIAEAWVTRKPTSDGYVTSLELFAHDGTQIAQLYGQRTEGEQEQAQWRKQIASLIP,0.9996489,>2hq2A,1.6677662805676546e-07
MRWQEMGYIFYPRKLR,>sp|A0A0C5B5G6|MOTSC_HUMAN Mitochondrial-derived peptide MOTS-c OS=Homo sapiens OX=9606 GN=MT-RNR1 PE=1 SV=1,MLIDPIELYRYPEKWIKDRDAEKKVRSGLYILTEDGYLRRGITTGTTASAAAVAAIASLKEKVEKVKVSTPAGVDVEVEVEAEKGFARVRKFSGDHEFDVTNGIIFEAEVCETSGIFFGRGVGVKAGEKAVSRSAKLQILENFIKASREFNFSGGVRISVPDGEEVAKKTGNEKVGIKGGISILGTTGFVEPWCKKLVETKLKIAMQYHRIAITTGRKAWLYARKKFPEYQPFVFGVHIDEALKHPGEKIIVGFPGLLKIWAGSRDRIEERAREEGVRVVVI,0.9996489,>1sr8A,1.6677662805676546e-07
MRWQEMGYIFYPRKLR,>sp|A0A0C5B5G6|MOTSC_HUMAN Mitochondrial-derived peptide MOTS-c OS=Homo sapiens OX=9606 GN=MT-RNR1 PE=1 SV=1,PSCLLGRVYYEAKLVTDDEDLISQCVDESLKILAENINAHLATRIHRRVYEILGVEDPYAEVKARANEVARQVLPLAKEIVEGSDDPFKTAVIVSIVGNNFDYVVEEEFRDFLKRKVQEGLKINDTERIKELSSGKVVYLTDNAGEIFFDTLLXKEIKRRCEKLTAVVRGRPIISDATIEDARLARVDKIADELLTNGKGAIGIIXDELPDETRKALEEADLIVAKGXANYECLSLKPIAFLLTAKCEPVARDIGVNVGDXVAKVVE,0.99964863,>2ffjA,1.6677662805676546e-07
MRWQEMGYIFYPRKLR,>sp|A0A0C5B5G6|MOTSC_HUMAN Mitochondrial-derived peptide MOTS-c OS=Homo sapiens OX=9606 GN=MT-RNR1 PE=1 SV=1,VRPFAGTERRAKGWIQEAALRXLNNNLHPDVKAARNWECYEAIVDTLLRLENDETLLIQSGKPVAVFRTHPDAPRVLIANSNLVPAWATWDHGSWIYIGSQGIVQGTYETFAEVARQHFGGTLAGTITLTAGLGGXGGAQPLAVTXNGGVCLAIEVDPARIQRRIDTNYLDTXTDSLDAALEXAKQAKEEKKALSIGLVGNAAEVLPRLVETGFVPDVLTDQTSAHDPLNGYIPAGLTLDEAAELRARDPKQYIARAKQSIAAHVRAXLAXQKQGAVTFDYGNNIRQVAKDEGVDDAFSFPGFVPAYIRPLFCEGKGPFRWVALSGDPEDIYKTDEVILREFSDNERLCHWIRXAQKRIKFQGLPARICWLGYGERAKFGKIINDXVAKGELKAPIVIGRDHLDAIADWPILNALLNAVGGASWVSVHHGGGVGXGYSIHAGXVIVADGTKEAEKRLERVLTTDPGLGVIRHADAGYELAIRTAKEKGIDXPXLK,0.9996375,>1x87A,1.6677662805676546e-07
MRWQEMGYIFYPRKLR,>sp|A0A0C5B5G6|MOTSC_HUMAN Mitochondrial-derived peptide MOTS-c OS=Homo sapiens OX=9606 GN=MT-RNR1 PE=1 SV=1,RQKRNRWFIHYLNYLQSLAYQLFEWENLPPTINPSFLEKSIHQFGYVGFYKDPVISYIACNGALSGQRDVYNQATVFRAASPVYQKEFKLYNYRDMKEEDMGVVIYNNDMAFPTTPTLELFAAELAELKEIISVNQNAQKTPVLIRANDSLKQVYNQYEGNAPVIFAHEALDSDSIEVFKTDAPYVVDKLNAQKNAVWNEMMTFLGIKNSNDEQIESSGTVFLKSREEACEKINELYGLNVKVKFRYDI,0.9996327,>1h5wA,1.6677662805676546e-07
MRWQEMGYIFYPRKLR,>sp|A0A0C5B5G6|MOTSC_HUMAN Mitochondrial-derived peptide MOTS-c OS=Homo sapiens OX=9606 GN=MT-RNR1 PE=1 SV=1,ALPDVRDGLKPVHRRVLYAMNVLGNDWNKAYKKSARVVGDVIGKYHPHGDSAVYDTIVRMAQPFSLRYMLVDGQGNFGSIDGDSAAAMRYTEIRLAKIAHELMADLEKETVDFVDNYDGTEKIPDVMPTKIPNLLVNGSSGIAATNIPPHNLTEVINGCLAYIDDEDISIEGLMEHIPGPDFPTAAIINGRRGIEEAYRTGRGKVYIRARAEVEVDAKTGRETIIVHEIPYQVNKARLIEKIAELVKEKRVEGISALRDESDKDGMRIVIEVKRDAVGEVVLNNLYSQTQLQVSFGINMVALHHGQPKIMNLKDIIAAFVRHRREVVTRRTIFELRKARDRAHILEALAVALANIDPIIELIRHAPTPAEAKTALVANPWQLGNVAAMLERDDAARPEWLEPEFGVRDGLYYLTEQQAQAILDLRLQKLTGLEHEKLLDEYKELLDQIAELLRILGSADRLMEVIREELELVREQFGDKRRTEIT,0.99963003,>4ckkA,1.6677662805676546e-07
MRWQEMGYIFYPRKLR,>sp|A0A0C5B5G6|MOTSC_HUMAN Mitochondrial-derived peptide MOTS-c OS=Homo sapiens OX=9606 GN=MT-RNR1 PE=1 SV=1,FEDESAPITAEDSWAVISAFFREKGLVSQQLDSFNQFVDYTLQDIICEDSTLIEISFGKIYVTKPMVNESDGVTHALYPQEARLRNLTYSSGLFVDVKKRTYEKVFIGRLPIMLRSKNCYLSEATESDLYKLKECPFDMGGYFIINGSEKVLIAQERSAGNIVQVFKKAAPSPISHVAEIRSALEKGSRFISTLQVKLYGREGSSARTIKATLPYIKQDIPIVIIFRALGIIPDGEILEHICYDVNDWQMLEMLKPCVEDGFVIQDRETALDFIGRRGTALGIKKEKRIQYAKDILQKEFLPHITQLEGFESRKAFFLGYMINRLLLCALDRKDQDDRDHFGKKRLDLAGPLLAQLFKTLFKKLTKDIFRYMQRTVELAINAKTITSGLKYALATGNWGAGVSQVLNRYTYSSTLSHLRRTNTPIAKPRQLHNTHWGLVCPAETPEGQACGLVKNLSLMSCISVGTDPMPIITFLSEWGMEPLEDYVPHQSPDATRVFVNGVWHGVHRNPARLMETLRTLRRKGDINPEVSMIRDIREKELKIFTDAGRVYRPLFIVEDDESLGHKELKVRKGHIAKLMATEYQDEYTWSSLLNEGLVEYIDAEEEESILIAMQPEDLEPDVDPAKRIRVSHHATTFTHCEIHPSMILGVAASIIPFPDHNQSPRNTYQSAMGKQAMGVFLTNYNVRMDTMANILYYPQKPLGTTRAMEYLKFRELPAGQNAIVAIACYSGYNQEDSMIMNQSSIDRGLFRSLFFRSYMDQEKKYGMSITETFEKPQRTNTLRMKHGTYDKLDDDGLIAPGVRVSGEDVIIGKTTPISSKRDASTPLRSTENGIVDQVLVTTNQDGLKFVKVRVRTTKIPQIGDKFASRHGQKGTIGITYRREDMPFTAEGIVPDLIINPHAIPSRMTVAHLIECLLSKVAALSGNEGDASPFTDITVEGISKLLREHGYQSRGFEVMYNGHTGKKLMAQIFFGPTYYQRLRHMVDDKIHARARGPGLRFGEMERDCMIAHGAASFLKERLMEASDAFRVHICGICGLMTVIAKLNHNQFECKGCDNKIDIYQIHIPYAAKLLFQELMAMNITPRLYTDRSRDF,0.9996284,>1twfB,1.6677662805676546e-07
MRWQEMGYIFYPRKLR,>sp|A0A0C5B5G6|MOTSC_HUMAN Mitochondrial-derived peptide MOTS-c OS=Homo sapiens OX=9606 GN=MT-RNR1 PE=1 SV=1,PTKISILGRESIIADFGLWRNYVAKDLISDCSSTTYVLVTDTNIGSIYTPSFEEAFRKRAAEITPSPRLLIYNRPPGEVSKSRQTKADIEDWMLSQNPPCGRDTVVIALGGGVIGDLTGFVASTYMRGVRYVQVPTTLLAMVDSSIGGKTAIDTPLGKNLIGAIWQPTKIYIDLEFLETLPVREFINGMAEVIKTAAISSEEEFTALEENAETILKAVRREVTPGEHRFEGTEEILKARILASARHKAYVVSAGLRNLLNWGHSIGHAIEAILTPQILHGECVAIGMVKEAELARHLGILKGVAVSRIVKCLAAYGLPTSLKDARIRKLTAGKHCSVDQLMFNMALDKKIVLLSAIGTPYETRASVVANEDIRVVLA,0.9996247,>1sg6A,1.6677662805676546e-07
MRWQEMGYIFYPRKLR,>sp|A0A0C5B5G6|MOTSC_HUMAN Mitochondrial-derived peptide MOTS-c OS=Homo sapiens OX=9606 GN=MT-RNR1 PE=1 SV=1,XNDLTLSPIAIIHTPYKEKFSVPRQPNLVEDGVGIVELLPPYNSPEAVRGLEQFSHLWLIFQXVGVFASRATHRPNPLGXSKVELRQVECINGNIFLHLGAVDLVDGTPIFDIKPYIAYADSEPNAQSSVKMTVEFTEQAKSAVKKREEKRPHLSRFIRQVLEDRIYGMSLYEFNVKWAGTVNCVE,0.9996235,>1xqbA,1.6677662805676546e-07
MRWQEMGYIFYPRKLR,>sp|A0A0C5B5G6|MOTSC_HUMAN Mitochondrial-derived peptide MOTS-c OS=Homo sapiens OX=9606 GN=MT-RNR1 PE=1 SV=1,GKALVIVESPAKAKTINKYLGSDYVVKSSVGHIRDLPTERGALVNRMGVDPWHNWEAHYEVLPGKEKVVSELKQLAEKADHIYLATDLDREGEAIAWHLREVIGGDDARYSRVVFNEITKNAIRQAFNKPGELNIDRVNAQQARRFMDRVVGYMVSPLLWKKIARGLSAGRVQSVAVRLVVEREREIKAFVPEEFWEVDASTTTPSGEALALQVTHQNDKPFRPVNKEQTQAAVSLLEKARYSVLEREDKPTTSKPGAPFITSTLQQAASTRLGFGVKKTMMMAQRLYEAGYITYMRTDSTNLSQDAVNMVRGYISDNFGKKYLPESPNQYAREAIRPSDVNVMAESLKDMEADAQKLYQLIWRQFVACQMTPAKYDSTTLTVGAGDFRLKARGRILRFDGWTKVMPALEDRILPAVNKGDALTLVELTPAQHFTKPPARFSEASLVKELEKRGIGRPSTYASIISTIQDRGYVRVENRRFYAEKMGEIVTDRLEENFRELMNYDFTAQMENNLDQVANHEAEWKAVLDHFFSDFTQQLDKAEKDPEEGGMRPNQM,0.9996228,>1mw9X,1.6677662805676546e-07
MRWQEMGYIFYPRKLR,>sp|A0A0C5B5G6|MOTSC_HUMAN Mitochondrial-derived peptide MOTS-c OS=Homo sapiens OX=9606 GN=MT-RNR1 PE=1 SV=1,ETVVPSRVGDLKFESDFPTQETXKNXLNEXDFQRATQAYLWGIPASSIXEWLNVSRNDFKFEEGQXGFFNTLKQKQGIITANFTTPYVIGTWNLEKTGPLIINLPEAKXAGXXLDVHQRVLSDLSLLGPDKGKGGKYLIVPPGEKYKDLNPKGYYVIRPKTNVVYGGIRILEPDVDRVVKQVVPNITTQPYADGKLGRKIPVAQVPEIDWTHIPKDGLEYWKTIHQIIQENPVEERDRFVXAQLKFLGIEKGKPFNPTEEQKKILLEASKVGRAXAQSNDYTKRFTQPYWKGTNWKDAISVSLDQRSENYDELDERAAWFYEAITVSRGXKSTIPGFGQRYLVTYQDSDGNWLSGEHTYKLHVPANVPASNFWSTTVYDENNRLXIINDAGSPDISSRKNLKVNSDGSIDVYYGPKPVKGYENNWVQTNPGEGWFTYFRFYGPTEKXFDKSWTXGDIELV,0.999621,>3vb9A,1.6677662805676546e-07
MRWQEMGYIFYPRKLR,>sp|A0A0C5B5G6|MOTSC_HUMAN Mitochondrial-derived peptide MOTS-c OS=Homo sapiens OX=9606 GN=MT-RNR1 PE=1 SV=1,ALERELLVATQAVRKASLLTKRIQSEVISHKDSTTITKNDNSPVTTGDYAAQTIIINAIKSNFPDDKVVGEESSSGLSDAFVSGILNEIKANDEVYNKNYKKDDFLFTNDQFPLKSLEDVRQIIDFGNYEGGRKGRFWCLDPIDGTKGFLRGEQFAVCLALIVDGVVQLGCIGCPNLVLSSYGAQDLKGHESFGYIFRAVRGLGAFYSPSSDAESWTKIHVRHLKDTKDMITLEGVEKGHSSHDEQTAIKNKLNISKSLHLDSQAKYCLLALGLADVYLRLPIKLSYQEKIWDHAAGNVIVHEAGGIHTDAMEDVPLDFGNGRTLATKGVIASSGPRELHDLVVSTSCDVIQSR,0.9996189,>1ka1A,1.6677662805676546e-07
MRWQEMGYIFYPRKLR,>sp|A0A0C5B5G6|MOTSC_HUMAN Mitochondrial-derived peptide MOTS-c OS=Homo sapiens OX=9606 GN=MT-RNR1 PE=1 SV=1,MKYPPSLVSLIRELSRLPGIGPKSAQRLAFHLFEQPREDIERLASALLEAKRDLHVCPICFNITDAEKCDVCADPSRDQRTICVVEEPGDVIALERSGEYRGLYHVLHGVLSPMNGVGPDKLHIKPLLPRVGQGMEVILATGTTVEGDATALYLQRLLEPLGAAISRIAYGVPVGGSLEYTDEVTLGRALTGRQTVSKP,0.9996189,>1vddA,1.6677662805676546e-07
MRWQEMGYIFYPRKLR,>sp|A0A0C5B5G6|MOTSC_HUMAN Mitochondrial-derived peptide MOTS-c OS=Homo sapiens OX=9606 GN=MT-RNR1 PE=1 SV=1,STGQHPARYPGAAAGEPTLDSWQEPPHNRWAFAHLGEMVPSAAVSRRPGHALARLGAIAAQLPDLEQRLEQTYTDAFLVLRGTEVVAEYYRAGFAPDDRHLLMAVSKSLCGTVVGALVDEGRIDPAQPVTEYVPELAGSVYDGPSVLQVLDMQISIDYNEDYVDPASEVQTHDRSAGWRTRRHGDPADTYEFLTTLRGDGSTGEFQYCSANTDVLAWIVERVTGLRYVEALSTYLWAKLDADRDATITVDTTGFGFANGGVSCTARDLARVGRMMLDGGVAPGGRVVSEDWVRRVLAGGSHEAMTDKGFTNTFPDGSYTRQWWCTGNERGNVSGIGIHGQNLWLDPLTDSVIVKLSSWPDPDTEHWHRLQNGILLDVSRALDAV,0.9996186,>2dcfA,1.6677662805676546e-07
MRWQEMGYIFYPRKLR,>sp|A0A0C5B5G6|MOTSC_HUMAN Mitochondrial-derived peptide MOTS-c OS=Homo sapiens OX=9606 GN=MT-RNR1 PE=1 SV=1,DIKAENTDANFYVfPPPTGATVVQFEQPRRgPTRPEGQNYTEGIAVVFKENIAPYKFKATMYYKDVTVSQVRFGHRYSQFMGIFEDRAPVPFEEVIDKINAKGVhRSTAKYVRNNLETTAFHRDDHETDMELKPANAATRTSRGWHTTDLKYNPSRVEAFHRYGTTVNhIVEEVDARSVYPYDEFVLATGDFVYMSPFYGYREGSHTEHTSYAADRFKQVDGFYARDLTTKARATAPTTRNLLTTPKFTVAWDWVPKRPSViTMTKWQEVDEMLRSEYGGSFRFSSDAISTTFTTNLTEYPLSRVDLGDiIGKDARDAMDRIFARRYNATHIKVGQPQYYLANGGFLIAYQPLLSNTLAELYVREHLREQSRKPPVERIKTTSSIEFARLQFTYNHIQRHVNDMLGRVAIAWgELQNHELTLWNEARKLNPNAIASVTVGRRVSARMLGDVMAVSTfVPVAADNVIVQNSMRISSRPGAjYSRPLVSFRYEDQGPLVEGQLGENNELRLTRDAIEPjTVGHRRYFTFGGGYVYFEEYAYSHQLSRADITTVSTFIDLNITMLEDHEFVPLEVYTRHEIKDSGLLDYTEVQRRNQLHDLRFADIDTVIH,0.9996176,>3nwaA,1.6677662805676546e-07
MRWQEMGYIFYPRKLR,>sp|A0A0C5B5G6|MOTSC_HUMAN Mitochondrial-derived peptide MOTS-c OS=Homo sapiens OX=9606 GN=MT-RNR1 PE=1 SV=1,SMERIKELMEMVKNSRMREILTTTSVDHMAVIKKYTSGRQEKNPALRMKWMMAMKYPISASSRIREMIPEKDEDGNTLWTNTKDAGSNRVLVSPNAVTWWNRAGPVSDVVHYPRVYKMYFDRLERLTHGTFGPVKFYNQVKVRKRVDINPGHKDLTSREAQEVIMEVVFPNEVGARTLSSDAQLTITKEKKEELKNCKISPIMVAYMLERELVRRTRFLPIAGATSSTYVEVLHLTQGTCWEQQYTPGGEAENDDLDQTLIIASRNIVRRSIVAIDPLASLLSMCHTTSISSEPLVEILRSNPTDEQAVNICKAALGIRINNSFSFGGYNFKRVKGSSQRTEKAVLTGNLQTLTMTIFEGYEEFNVSGKRASAVLKKGAQRLIQAIIGGRTLEDILNLMITLMVFSQEEKMLKAVRGDLNFVNRANQRLNPMYQLLRHFQKDSSTLLKNWGTEEIDPIMGIAGIMPDGTINKTQTLMGVRLSQNERIRVNIDKYLRVRNEKGELLISPEEVSEAQGQEKLPINYNSSLMWEVNGPESILTNTYHWIIKNWELLKTQWMTDPTVLYNRIEFEPFQTLIPKGNRAIYSGFTRTLFQQMRDVEGTFDSIQIIKLLPFSAHPPSLGRTQFSSFTLNIRGAPLRLLIRGNSQVFNYNQMENVIIVLGKSVGSPERSILTESSSIESAVLRGFLILGKANSKYGPVLTIGELDKLGRGEKANVLIGQGDTVLVMKRKRDS,0.99961597,>4wsbC,1.6677662805676546e-07
MRWQEMGYIFYPRKLR,>sp|A0A0C5B5G6|MOTSC_HUMAN Mitochondrial-derived peptide MOTS-c OS=Homo sapiens OX=9606 GN=MT-RNR1 PE=1 SV=1,SIVQEARDIQLAMELITLGARLQMLESETQLSRGRLIKLYKELRGSPPPKGMLPFSTDWFMTWEQNVHASMFCNAWQFLLKTGLCNGVDAVIKAYRLYLEQCPQAEEGPLLALTRAWTLVRFVESGLLQLSSCNCCGGNFITHAHQPVGSFACSLC,0.9996133,>2avuE,1.6677662805676546e-07
MRWQEMGYIFYPRKLR,>sp|A0A0C5B5G6|MOTSC_HUMAN Mitochondrial-derived peptide MOTS-c OS=Homo sapiens OX=9606 GN=MT-RNR1 PE=1 SV=1,GETDLQKILRESNDQFTAQMFSEVVKANPGQNVVLSAFSVLPPLGQLALASVGESHDELLRALALPNDNVTKDVFADLNRGVRAVKGVDLKMASKIYVAKGLELNDDFAAVSRDVFGSEVQNVDFVKSVEAAGAINKWVEDQTNNRIKNLVDPDALDETTRSVLVNAIYFKGSWKDKFVKERTMDRDFHVSKDKTIKVPTMIGKKDVRYADVPELDAKMIEMSYEGDQASMIIILPNQVDGITALEQKLKDPKALSRAEERLYNTEVEITLPKFKIETTTDLKEVLSNMNIKKLFTPGAARLENLLKTKESLTVDAAIQKAFIEVNEEGAEAAAANAFGIVPKSLILYPEVHIDRPFYFELKIDGIPMFNGKVIEP,0.999612,>1k9oI,1.6677662805676546e-07
MRWQEMGYIFYPRKLR,>sp|A0A0C5B5G6|MOTSC_HUMAN Mitochondrial-derived peptide MOTS-c OS=Homo sapiens OX=9606 GN=MT-RNR1 PE=1 SV=1,LEKFNLIDEPWIPVLKGGRVVEVGIGEALLRAHEFARIETPSPLEEAVLHRLLLAVLHRALSGPRaPEDVLDWWRKGGFPQDPIRDYLNRFRDRFFLFHPEAPFLQVADLPEENPLPWSKLLPELANLPKATYAQAARALLVHQAFAPGGLLRRYGVGSAKDAPVARPALFLPTGQNLLETLLLNLVPYTPEDDAPIWEVPPLRLGDLEGARTKWPLTGRTRVYTWPARGVRLLDEGDGVRFMGYGPGVEPLEATHRDPMVAQRLDAKGNLLVLRLSEERSFWRDFSAMLPRQGGKVAATLEHAENLQGELEDEGLEGRITLRVLGQVSDQAKVLDIRREVYPLPSGLLTPKAEENLEKALKMAEELGQGLKHLAQEVAKAVVYLEELTKLANSLPLERLYWHALDGAFPRFFARVEEEASLDLWREALRGAALEAWKATRRFLGTGARHLKALAQGEQEFGRLLGEL,0.99960566,>4an8A,1.6677662805676546e-07
MRWQEMGYIFYPRKLR,>sp|A0A0C5B5G6|MOTSC_HUMAN Mitochondrial-derived peptide MOTS-c OS=Homo sapiens OX=9606 GN=MT-RNR1 PE=1 SV=1,VKISIDPLTRVEGHLKIEVEVKDGKVVDAKCSGGMFRGFEQILRGRDPRDSSQIVQRICGVCPTAHCTASVMAQDDAFGVKVTTNGRITRNLIFGANYLQSHILHFYHLAALDYVKGPDVSPFVPRYANADLLTDRIKDGAKADATNTYGLNQYLKALEIRRICHEMVAMFGGRMPHVQGMVVGGATEIPTADKVAEYAARFKEVQKFVIEEYLPLIYTLGSVYTDLFETGIGWKNVIAFGVFPEDDDYKTFLLKPGVYIDGKDEEFDSKLVKEYVGHSFFDHSAPGGLHYSVGETNPNPDKPGAYSFVKAPRYKDKPCEVGPLARMWVQNPELSPVGQKLLKELYGIEAKKFRDLGDKAFSIMGRHVLRAEETWLTAVAVEKWLKQVQPGAETYVKSEIPDAAEGTGFTEAPRGALLHYLKIKDKKIENYQIVSATLWNANPRDDMGQRGPIEEALIGVPVPDIKNPVNVGRLVRSYDPXLGCAVH,0.99960244,>1cc1L,1.6677662805676546e-07
MRWQEMGYIFYPRKLR,>sp|A0A0C5B5G6|MOTSC_HUMAN Mitochondrial-derived peptide MOTS-c OS=Homo sapiens OX=9606 GN=MT-RNR1 PE=1 SV=1,ALKTAVHEKIMNDVVLAVKKNAEWKVLIVDQLSMRMVSACCKMHEIMSEGITLVEDINRRREPLPLLEAVYLITPTEESVKCLMADFQNPDNPQYRGAHIFFTEACPEELFKELCKSTTARFIKTLKEINIAFLPYESQIFSLDSPDTFQVYYNPSRAQGGIPNKERCAEQIATLCATLGEYPSVRYRSDFDENASFAQLVQQKLDAYRADDPTMGEGPQKDRSQLLILDRGFDPISPLLHELTFQAMAYDLLPIENDVYKYEVLLDEKDDLWVEMRHQHIAVVSQNVTKKLKQFADEKRGIKDLSQMLKKMPQYQKELSKYSTHLHLAEDCMKQYQQHVDKLCKVEQDLAMGTDADGEKIRDHMRNIVPILLDQKISAYDKIRIILLYIIHKGGISEENLAKLVQHAHIPAEEKWIINDMQNLGVPIIQDGGRRKIPQPYHTHNRKERQADHTYQMSRWTPYMKDIMEAAVEDKLDTRHYPFLNGGGKSGPRLIIFVVGGISYSEMRSAYEVTQTAKNNWEVILGSTHILTPEGLLRDLRKISNP,0.99960166,>1fvhA,1.6677662805676546e-07
MRWQEMGYIFYPRKLR,>sp|A0A0C5B5G6|MOTSC_HUMAN Mitochondrial-derived peptide MOTS-c OS=Homo sapiens OX=9606 GN=MT-RNR1 PE=1 SV=1,QAKIFAQTTKMLEFAKQLLETDDFSTLREAYYVSKNWGEARFDDQQASNNVIEDLEAALGVLREHLGFIPEEDGSSVVGPLKIIEETPEGELVVDCTKLGTGAYNIPNDVTKLNLETDADFILAIETSGMFARLNAERFWDKHNCILVSLKGVPARATRRFIKRLHEEHDLPVLVFTDGDPYGYLNIYRTLKVDKLSIPAARLIGVTPQDIIDYDLPTHPLKEQDIKRIKDGLKNDDFVRSFPEWQKALKQMLDMGVRAEQQSLAKYGLKYVVNTYLPEKIKDESTWLP,0.99960095,>1d3yA,1.6677662805676546e-07
MRWQEMGYIFYPRKLR,>sp|A0A0C5B5G6|MOTSC_HUMAN Mitochondrial-derived peptide MOTS-c OS=Homo sapiens OX=9606 GN=MT-RNR1 PE=1 SV=1,FQGXASIVFSTIGNPKGYQKVTYEIDGEKFESNVSVLALRDLLKVDKTVVILGISVADVYNaKYADYRSCKEaIIQNSKNDLGISESYVVAPNVYQKFKGKPDHYFTYIYYHSLRILEKEGINEVFIDTTHGINYXGVLAKEAIQLAVSAYAAKSEKEVKVSLYNSDPVGKDVSDTVKLHEIEAIKISPLSGLKYVTYQILNKDKNFFNKIFSDSVNAIPRFATALDNGLFIYLSEKDSSLHLKRLEDDLSKDPLLTPSENEINVVYKDXKYALSHALFYVISRFSGNVDLDTLRHYAETYADKVTRAIIENEVDKIEKYQXGSERKLLGEYXRILYAHGGLPYAGTYVYKEKDKVYVTYGDKIDEIERQI,0.9995966,>2i71A,1.6677662805676546e-07
MRWQEMGYIFYPRKLR,>sp|A0A0C5B5G6|MOTSC_HUMAN Mitochondrial-derived peptide MOTS-c OS=Homo sapiens OX=9606 GN=MT-RNR1 PE=1 SV=1,LYTANDFILISLPQNAQPVTAPGSKTDSWFNETLIGGRAFVSDFKIPEFKIGSLDTLIVESEELSKVDNQIGASIGKIIEILQGLNETSTNAYRTLPINNMPVPEYLENFQWQTRKFKLDKSIKDLITLISNESSQLDADVRATYANYNSAKTNLAAAERKKTGDLSVRSLHDIVKPEDFVLNSEHLTTVLVAVPKSLKSDFEKSYETLSKNVVPASASVIAEDAEYVLFNVHLFKKNVQEFTTAAREKKFIPREFNYSEELIDQLKKEHDSAASLEQSLRVQLVRLAKTAYVDVFINWFHIKALRVYVESVLRYGLPPHFNIKIIAVPPKNLSKCKSELIDAFGFLGGNAFMYEPFVMYIINL,0.9995853,>1u7lA,1.6677662805676546e-07
MRWQEMGYIFYPRKLR,>sp|A0A0C5B5G6|MOTSC_HUMAN Mitochondrial-derived peptide MOTS-c OS=Homo sapiens OX=9606 GN=MT-RNR1 PE=1 SV=1,TQQMAVSIINSSFEAAVVAATSALENMGIEYDYQDIYSRVKNKFDFVMDDSGVKNNPIGKAITIDQALNNKFGSAIRNRNWLADTSRPAKLDEDVNKLRMMLGIDQKMRVLNACFSVKRIPGKSSSIIKCTKLMRDKLERGEVEVDDSFVDEKM,0.9995845,>1knzA,1.6677662805676546e-07
MRWQEMGYIFYPRKLR,>sp|A0A0C5B5G6|MOTSC_HUMAN Mitochondrial-derived peptide MOTS-c OS=Homo sapiens OX=9606 GN=MT-RNR1 PE=1 SV=1,TQWKNALSEGQLQQALELLIEAIKASPKDASLRSSFIELLCIDGDFERADEQLXQSIKLFPEYLPGASQLRHLVKAAQARKDFAQGAATAKVLGENEELTKSLVSFNLSXVSQDYEQVSELALQIEELRQEKGFLANDTSFSDVRDIDDRLGGYIELFSTAGNYFLVPIASINTLEIKSATSLLESVWRPVEFDIDGLGEGEGHXPXTYVDSESDAQKLGRETDWKQIADKEVYLGLGLKCWLVGEXALPISDLQNLQVIKELALE,0.99958193,>1zbpA,1.6677662805676546e-07
MRWQEMGYIFYPRKLR,>sp|A0A0C5B5G6|MOTSC_HUMAN Mitochondrial-derived peptide MOTS-c OS=Homo sapiens OX=9606 GN=MT-RNR1 PE=1 SV=1,YIGDFRaIQLVNSNGANVSAPSISTETVEVSQGLGTYYVLDRVYLNATLLLTGYYPVDGSKFRNLALRGTNSVSLSWFQPPYLNQFNDGIFAKVQNLKTSTPSGATAYFPTIVIGSLFGYTSYTVVIEPYNGVIMASVbQYTIaQLPYTDcKPNTNGNKLIGFWHTDVKPPIbVLKRNFTLNVNADAFYFHFYQHGGTFYAYYADKPSATTFLFSVYIGDILTQYYVLPFIcNPTAGSTFAPRYWVTPLVKRQYLFNFNQKGVITSAVDdASSYTSEIKdKTQSMLPSTGVYELSGYTVQPVGVVYRRVANLPAeNIEEWLTARSVPSPLNWERKTFQNeNFNLSSLLRYVQAESLFfNNIDASKVYGRgFGSISVDKFAVPRSRQVDLQLGNSGFLQTANYKIDTAATSfQLHYTLPKNNVTINNHNPSSWNRRYGFNDAGVFGKNQHDVVYAQQhFTVRSSYhPiAQPDIVSPjTTQTKPKSAFVNVGDHkEGLGVLEDNjGNADPHKGkIiANNSFIGWSHDTlLVNDRlQIFANILLNGINSGTTgSTDLQLPNTEVVTGImVKYDLYGITGQGVFKEVKADYYNSWQTLLYDVNGNLNGFRDLTTNKTYTIRSmYSGRVSAAFHKDAPEPALLYRNINnSYVFSNNISREENPLNYFDSYLGnVVNADNRTDEALPNoDLRMGAGLoVDYSKSRRAHSSVSTGYRLTTFEPYTPMLVNDSVQSVDGLYEMQIPTNFTIGHHEEFIQTRSPKVTIDpAAFVqGDNTAqRQQLVEYGSFpVNVNAILNEVNNLLDNMQLQVASALMQGVSAIRGRSAIEDLLFDKVKLSDVGFVEAYNNrTGGQEVRDLLrVQSFNGIKVLPPVLSESQISGYTTGATAAAMFPPWSAAAGVPFSLSVQYRINGLGVTMNVLSENQKMIASAFNNALGAIQDGFDATNSALGKIQSVVNANAEALNNLLNQLSNRFGAISASLQEILTRLEAVEAKAQIDRLINGRLTALNAYISKQLSDSTLIKVSAAQAIEKVNEsVKSQTTRINFsGNGNHILSLVQNAPYGLYFIHFSYV,0.9995784,>3jclA,1.6677662805676546e-07
MRWQEMGYIFYPRKLR,>sp|A0A0C5B5G6|MOTSC_HUMAN Mitochondrial-derived peptide MOTS-c OS=Homo sapiens OX=9606 GN=MT-RNR1 PE=1 SV=1,AFELSPSDLEPLLQGACFFGSGGGGTXISARHLAANFRKGDYYPTDKVRVVDVDEATDGDCVXVAYXGAPDAINQVQWPNGPVEAALAARQRLESQGRKLAYVVAPESGALGFVVASLVAAKLGLAVVDADGAGRAVPSLPXLTYAAAGVPPTPAFLAGESGLCVELGVRXPPPDREDISTVVEQXLRPILTNPQFGQFGGLAXWXXSPAQLGGALPVRGTLSRALKLGRALQDGKVKTAEAXLDFLRRELDIKGKLLFGPATLASPGKVVLEDGERRCTVLYQNESLLAWDSALSHPLATAPDAISYFVEGEGQHVFSNGDLSGNDHGLDPSVRGRKAAVIALPAAAPLSEGLILQSFADELAQLGYLGPYAPVD,0.9995779,>2o3iA,1.6677662805676546e-07
MRWQEMGYIFYPRKLR,>sp|A0A0C5B5G6|MOTSC_HUMAN Mitochondrial-derived peptide MOTS-c OS=Homo sapiens OX=9606 GN=MT-RNR1 PE=1 SV=1,EFDREIVDIVDYVXNYEISSKVAYDTAHYCLLDTLGCGLEALEYPACKKLLGPIVPGTVVPNGVRVPGTQFQLDPVQAAFNIGAXIRWLDFNDTWLAAEWGHPSDNLGGILATADWLSRNAVASGKAPLTXKQVLTAXIKAHEIQGCIALENSFNRVGLDHVLLVKVASTAVVAEXLGLTREEILNAVSLAWVDGQSLRTYRHAPNTGTRKSWAAGDATSRAVRLALXAKTGEXGYPSALTAPVWGFYDVSFKGESFRFQRPYGSYVXENVLFKISFPAEFHSQTAVEAAXTLYEQXQAAGKTAADIEKVTIRTHEACIRIIDKKGPLNNPADRDHCIQYXVAIPLLFGRLTAADYEDNVAQDKRIDALREKINCFEDPAFTADYHDPEKRAIANAITLEFTDGTRFEEVVVEYPIGHARRRQDGIPKLVDKFKINLARQFPTRQQQRILEVSLDRARLEQXPVNEYLDLYVI,0.99957186,>1szqA,1.6677662805676546e-07
MRWQEMGYIFYPRKLR,>sp|A0A0C5B5G6|MOTSC_HUMAN Mitochondrial-derived peptide MOTS-c OS=Homo sapiens OX=9606 GN=MT-RNR1 PE=1 SV=1,MRAAVVYKTDGHVKRIEEALKRLEVEVELFNQPSEELENFDFIVSVGGDGTILRILQKLKRCPPIFGINTGRVGLLTHASPENFEVELKKAVEKFEVERFPRVSCSAMPDVLALNEIAVLSRKPAKMIDVALRVDGVEVDRIRCDGFIVATQIGSTGYAFSAGGPVVEPYLECFILIPIAPFRFGWKPYVVSMERKIEVIAEKAIVVADGQKSVDFDGEITIEKSEFPAVFFKNEKRFRNLFGKVRSI,0.9995649,>1z0sA,1.6677662805676546e-07
MRWQEMGYIFYPRKLR,>sp|A0A0C5B5G6|MOTSC_HUMAN Mitochondrial-derived peptide MOTS-c OS=Homo sapiens OX=9606 GN=MT-RNR1 PE=1 SV=1,LDQIWDDLRAGIQQVYTRQSMAKSRYMELYTHVYNYCTSVGLELYKRLKEFLKNYLTNLLKDGEDLMDESVLKFYTQQWEDYRFSSKVLNGICAYLNRHWVRRECYEIYSLALVTWRDCLFRPLNKQVTNAVLKLIEKERNGETINTRLISGVVQSYVELGLNEDDAFAKGPTLTVYKESFESQFLADTERFYTRESTEFLQQNPVTEYMKKAEARLLEEQRRVQVYLHESTQDELARKCEQVLIEKHLEIFHTEFQNLLDADKNEDLGRMYNLVSRIQDGLGELKKLLETHIHNQGLAAIEKCGEAALNDPKMYVQTVLDVHKKYNALVMSAFNNDAGFVAALDKACGRFINNNAVTKMAQSSSKSPELLARYCDSLLKKSSKNPEEAELEDTLNQVMVVFKYIEDKDVFQKFYAKMLAKRLVHQNSASDDAEASMISKLKQACGFEYTSKLQRMFQDIGVSKDLNEQFKKHLTNSEPLDLDFSIQVLSSGSWPFQQSCTFALPSELERSYQRFTAFYASRHSGRKLTWLYQLSKGELVTNCFKNRYTLQASTFQMAILLQYNTEDAYTVQQLTDSTQIKMDILAQVLQILLKSKLLVLEDENANVDEVELKPDTLIKLYLGYKNKKLRVNINVPMKTEQKQEQETTHKNIEEDRKLLIQAAIVRIMKMRKVLKHQQLLGEVLTQLSSRFKPRVPVIKKCIDILIEKEYLERVDGEKDTYSYLA,0.9995605,>1ldjA,1.6677662805676546e-07
MRWQEMGYIFYPRKLR,>sp|A0A0C5B5G6|MOTSC_HUMAN Mitochondrial-derived peptide MOTS-c OS=Homo sapiens OX=9606 GN=MT-RNR1 PE=1 SV=1,KKAPVIWVQGQGCTGCSVSLLNAVHPRIKEILLDVISLEFHPTVMASEGEMALAHMYEIAEKFNGNFFLLVEGAIPTAKEGRYCIVGEAKAHHHEVTMMELIRDLAPKSLATVAVGTCSAYGGIPAAEGNVTGSKSVRDFFADEKIEKLLVNVPGCPPHPDWMVGTLVAAWSHVLNPTEHPLPELDDDGRPLLFFGDNIHENCPYLDKYDNSEFAETFTKPGCKAELGCKGPSTYADCAKRRWNNGINWCVENAVCIGCVEPDFPDGKSPFYVAE,0.99956024,>1cc1S,1.6677662805676546e-07
MRWQEMGYIFYPRKLR,>sp|A0A0C5B5G6|MOTSC_HUMAN Mitochondrial-derived peptide MOTS-c OS=Homo sapiens OX=9606 GN=MT-RNR1 PE=1 SV=1,MHYDVIVIGGGPSGLMAAIGAAEEGANVLLLDKGNKLGRKLAISGGGRCNVTNRLPLDEIVKHIPGNGRFLYSAFSIFNNEDIITFFENLGVKLKEEDHGRMFPVSNKAQSVVDALLTRLKDLGVKIRTNTPVETIEYENGQTKAVILQTGEVLETNHVVIAVGGKSVPQTGSTGDGYAWAEKAGHTITELFPTEVPILSNEPFIRDRSLQGLALRDINLSVLNAIISHKMDMLFTHFGLSGPAALRCSQFVVKALKKFKTNTIQMSIDALPEENSEQLFQRMLKQMKEDPKKGIKNVLKGYVPERYFLFLLEKNEIDGSEQAGQVSHEKIRALVKDFKEFTVNVNGTQSIEKAFVTGGGVSVKEINPKEMSSKFTNGLYFCGEVLDIHGYTGGYNITSALVTGRIAGTTAGENAK,0.9995576,>2i0zA,1.6677662805676546e-07
MRWQEMGYIFYPRKLR,>sp|A0A0C5B5G6|MOTSC_HUMAN Mitochondrial-derived peptide MOTS-c OS=Homo sapiens OX=9606 GN=MT-RNR1 PE=1 SV=1,RVSDEEKVRIAAKFITHAPPGEFNEVFNDVRLLLNNDNLLREGAAHAFAQYNMDQFTPVKIEGYDDQVLITEHGDLGNGRFLDPRNKISFKFDHLRKEASDPQPEDTESALKQWRDACDSALRAYVKDHYPNGFCTVYGKSIDGQQTIIACIESHQFQPKNFWNGRWRSEWKFTITPPTAQVAAVLKIQVHYYEDGNVQLVSHKDIQDSVQVSSDVQTAKEFIKIIENAENEYQTAISENYQTMSDTTFKALRRQLPVTRTKIDWNKILS,0.99954,>3aa0A,1.6677662805676546e-07
