query_seq,query_meta,lookup_seq,D_score,lookup_meta
MRWQEMGYIFYPRKLR,>sp|A0A0C5B5G6|MOTSC_HUMAN Mitochondrial-derived peptide MOTS-c OS=Homo sapiens OX=9606 GN=MT-RNR1 PE=1 SV=1,MFLINGHKQESLAVSDRATQFGDGCFTTARVIDGKVSLLSAHIQRLQDACQRLMISCDFWPQLEQEMKTLAAEQQNGVLKVVISRGSGGRGYSTLNSGPATRILSVTAITLALSPVRLGRNPHLAGIKHLNRLEQVLIRSHLEQTNADEALVLDSEGWVTECCAANLFWRKGNVVYTPRLDQAGVNGIMRQFCIRLLAQSSYQLVEVQASLEESLQADEMVICNALMPVMPVCACGDVSFSSATLYEYLAPLCE,0.9997819,>1et0A
MRWQEMGYIFYPRKLR,>sp|A0A0C5B5G6|MOTSC_HUMAN Mitochondrial-derived peptide MOTS-c OS=Homo sapiens OX=9606 GN=MT-RNR1 PE=1 SV=1,SEFDYELPPELIAQEPVEPRDASRLMVLHRKTQRIEHRIFREIIEYLEPGDLLVLNVSKVIPARLYARKASIEILLIERLEEGIWKCLVRPGQKVKKGTELVIDEDLSAVCLGRGEDGTRILKFQPQDDRLIFEKGTAGLHFTPELIEKLKKKGVQFAEVVLHVHEEFYQVPKETVRKLRETRERGNRIVAVGTTTVRTLETIARLPEQEEYVGKTDLFIYPPFEFKLVDALVTNFHLPRSTLLMLVAAFAGKDFVMEAYREAVKRRYRFFSFGDAMLIL,0.9997689,>1vkyA
MRWQEMGYIFYPRKLR,>sp|A0A0C5B5G6|MOTSC_HUMAN Mitochondrial-derived peptide MOTS-c OS=Homo sapiens OX=9606 GN=MT-RNR1 PE=1 SV=1,TINVTGDGNVFKPSAETSSTAVPSLSLSPGMLN,0.9997556,>1jmuA
MRWQEMGYIFYPRKLR,>sp|A0A0C5B5G6|MOTSC_HUMAN Mitochondrial-derived peptide MOTS-c OS=Homo sapiens OX=9606 GN=MT-RNR1 PE=1 SV=1,KKMAFTLADRVTEEMLADKAALVVEVVEENYHDAPIVGIAVVNEHGRFFLRPETALADPQFVAWLGDETKKKSMFDSKRAAVALKWKGIELCGVSFDLLLAAYLLDPAQGVDDVAAAAKMKQYEAVRPDEAVYGKGAKRAVPDEPVLAEHLVRKAAAIWELERPFLDELRRNEQDRLLVELEQPLSSILAEMEFAGVKVDTKRLEQMGKELAEQLGTVEQRIYELAGQEFNINSPKQLGVILFEKLQLPVLKKTKTGYSTSADVLEKLAPYHEIVENILHYRQLGKLQSTYIEGLLKVVRPDTKKVHTIFNQALTQTGRLSSTEPNLQNIPIRLEEGRKIRQAFVPSESDWLIFAADYSQIELRVLAHIAEDDNLMEAFRRDLDIHTKTAMDIFQVSEDEVTPNMRRQAKAVNFGIVYGISDYGLAQNLNISRKEAAEFIERYFESFPGVKRYMENIVQEAKQKGYVTTLLHRRRYLPDITSRNFNVRSFAERMAMNTPIQGSAADIIKKAMIDLNARLKEERLQAHLLLQVHDELILEAPKEEMERLCRLVPEVMEQAVTLRVPLKVDYHYGSTWYDAK,0.9997528,>2hhvA
MRWQEMGYIFYPRKLR,>sp|A0A0C5B5G6|MOTSC_HUMAN Mitochondrial-derived peptide MOTS-c OS=Homo sapiens OX=9606 GN=MT-RNR1 PE=1 SV=1,NYKEKLQQYAELLVKVGMNVQPKQPVFIRSSVETLELTHLIVEEAYHCGASDVRVVYSDPTLKRLKFENESVEHFANHEIKSYDVEARMDYVKRGAANLALISEDPDLMDGIDSQKLQAFQQQNARAFKGYMESVQKNQFPWVVAAFPSKAWAKRVYPELSVEEAYIKFIDEVFDIVRIDGNDPVENWRQHIANLSVYAQKLQQKNYHALHYVSEGTDLTVGLAKNHIWEDATSYVNGKEQAFIANIPTEEVFTAPDRNRVDGYVTNKLPLSYNGTIIDQFKLMFKDGEIIDFSAEKGEAVLKDLINTDEGSRRLGEVALVPDDSPISNRNTIFYNTLFDENAACHLAIGSAYAFNIQGGTEMTVEEKIASGLNDSNVHVDFMIGSSDLTIYGIFEDGSKELVFENGNWASTF,0.99973035,>1zjcA
MRWQEMGYIFYPRKLR,>sp|A0A0C5B5G6|MOTSC_HUMAN Mitochondrial-derived peptide MOTS-c OS=Homo sapiens OX=9606 GN=MT-RNR1 PE=1 SV=1,MQTVNEMLRRAATRAPDHCALAVPARGLRLTHAELRARVEAVAARLHADGLRPQQRVAVVAPNSADVVIAILALHRLGAVPALLNPRLKSAELAELIKRGEMTAAVIAVGRQVADAIFQSGSGARIIFLGDLVRDGEPYSYGPPIEDPQREPAQPAFIFYTSGTTGLPKAAIIPQRAAESRVLFMSTQVGLRHGRHNVVLGLMPLYHVVGFFAVLVAALALDGTYVVVEEFRPVDALQLVQQEQVTSLFATPTHLDALAAAAAHAGSSLKLDSLRHVTFAGATMPDAVLETVHQHLPGEKVNIYGTTEAMNSLYMRQPKTGTEMAPGFFSEVRIVRIGGGVDEIVANGEEGELIVAASDSAFVGYLNQPQATAEKLQDGWYRTSDVAVWTPEGTVRILGRVDDMIISGGENIHPSEIERVLGTAPGVTEVVVIGLADQRWGQSVTACVVPRLGETLSADALDTFCRSSELADFKRPKRYFILDQLPKNALNKVLRRQLVQQVS,0.9997245,>3cw9A
MRWQEMGYIFYPRKLR,>sp|A0A0C5B5G6|MOTSC_HUMAN Mitochondrial-derived peptide MOTS-c OS=Homo sapiens OX=9606 GN=MT-RNR1 PE=1 SV=1,GRVYYINSHGTLSRHENTLRFENAEVKKDIPVEDVEEIFVFAELSLNTKLLNFLASKGIPLHFFNYYGYYTGTFYPRESSVSGHLLIKQVEHYLDAQKRLYLAKSFVIGSILNLEYVYKISADTYLNKVKETNSIPELXSVEAEFRKLCYKKLEEVTGWELEPPQNPLNALISFGNSLTYAKVLGEIYKTQLNPTVSYLHEPSRFSLSLDVAEVFKPIFVDNLIIRLIQENKIDKTHFSTELNXTFLNEIGRKVFLKAFNELLETTIFYPKLNRKVSHRTLIKLELYKLIKHLLEEEVYLPLNYGGLK,0.9997024,>2yzsA
MRWQEMGYIFYPRKLR,>sp|A0A0C5B5G6|MOTSC_HUMAN Mitochondrial-derived peptide MOTS-c OS=Homo sapiens OX=9606 GN=MT-RNR1 PE=1 SV=1,ANPYGAYVAAPAGPAADMQQLFLNAWGQRLAHGRVRWVAALELHPAFDFFVGVADVELPGGDVPPAGPGEIQATWRVVNGNLPLALCPAAFRDARGLELGVGRHAMAPATIAAVRGAFDDRNYPAVFYLLQAAIHGSEHVFCALARLVVQCITSYWNNTRCAAFVNDYSLVSYVVTYLGGDLPEECMAVYRDLVAHVEALAQLVDDFTLTGPELGGQAQAELNHLMRDPALLPPLVWDCDALMRRAALDRHRDCRVSAGGHDPVYAAACNVATADFNRNDGQLLHNTQARAADAADDRPHRGADWTVHHKIYYYVMVPAFSRGRCCTAGVRFDRVYATLQNMVVPEIAPGEECPSDPVTDPAHPLHPANLVANTVNAMFHNGRVVVDGPAMLTLQVLAHNMAERTTALLCSAAPDAGANTANMRIFDGALHAGILLMAPQHLDHTIQNGDYFYPLPVHALFAGADHVANAPNFPPALRDLSRQVPLVPPALGANYFSSIRQPVVQHVRESAAGENALTYALMAGYFKISPVALHHQLKTGLH,0.9996976,>1no7A
MRWQEMGYIFYPRKLR,>sp|A0A0C5B5G6|MOTSC_HUMAN Mitochondrial-derived peptide MOTS-c OS=Homo sapiens OX=9606 GN=MT-RNR1 PE=1 SV=1,SNAMFCYQCQETVGNKGCTQVGVCGKKPETAALQDALIYVTKGLGQIATRLRAEGKAVDHRIDRLVTGNLFATITNANFDDDILAERVRMTCAAKKELAASLTDKSGLSDAALWEASEKSAMLAKAGTVGVMATTDDDVRSLRWLITFGLKGMAAYAKHADVLGKHENSLDAFMQEALAKTLDDSLSVADLVALTLETGKFGVSAMALLDAANTGTYGHPEITKVNIGVGSNPGILISGHDLRDLEMLLKQTEGTGVDVYTHSEMLPAHYYPAFKKYAHFKGNYGNAWWKQKEEFESFNGPVLLTTNCLVPPKDSYKDRVYTTGIVGFTGCKHIPGEIGEHKDFSAIIAHAKTCPAPTEIESGEIIGGFAHNQVLALADKVIDAVKSGAIKKFVVMAGCDGRAKSRSYYTDFAEGLPKDTVILTAGCAKYRYNKLNLGDIGGIPRVLDAGQCNDSYSLAVIALKLKEVFGLEDVNDLPIVYNIAWYEQKAVIVLLALLSLGVKNIHLGPTLPAFLSPNVAKVLVEQFNIGGITSPQDDLKAFF,0.99969757,>1gnlA
MRWQEMGYIFYPRKLR,>sp|A0A0C5B5G6|MOTSC_HUMAN Mitochondrial-derived peptide MOTS-c OS=Homo sapiens OX=9606 GN=MT-RNR1 PE=1 SV=1,VDFTVPDVQQILDDIKALAAEQVYKIVKVPSTSFRHIVTQSRDRVLRVDTYYEEMSQVGDVITEDEPEKFYSTIIKKVRFIRGKGSFILHDIPARDHRGMEVAEPEVLGVEFKNVLPVLTAEHRAMIQNALDGSIIENGNVATRDVDVFIGACSEPIYRIYNRLQGYIEAVQLQELRNSIGWLERLGQRKRITYSQEVLTDFRRQDMIWVLALQLPVNPQVVWDVPRSSIANLIMNIATCLPTGEYIAPNPRISSITLTQRITTTGPFAILTGSTPTAQQLNDVRKIYLALMFPGQIILDLKIDPGERMDPAVRMVAGVVGHLLFTAGGRFTNLTQNMARQLDIALNDYLLYMYNTRVQVNYGPTGEPLDFQIGRNQYDCNVFRADFATGTGYNGWATIDVEYRDPAPYVHAQRYIRYCGIDSRELINPTTYGIGMTYHCYNEMLRMLVAAGKDSEAAYFRSMLPFHMVRFARINQIINEDLHSVFSLPDDMFNALLPDLIAGAHQNADPVVLDVSWISLWFAFNRSFEPTHRNEMLEIAPLIESVYASELSVMKVDMRHLSLMQRRFPDVLIQARPSHFWKAVLNDSPEAVKAVMNLSHSHNFINIRDMMRWVLLPSLQPSLKLVLEEEAWAAANDFEDLMLTDQVYMHRDMLPEPRLDDIERFRQEGFYYTNMLEAPPEIDRVVQYTYEIARLQANMGQFRAALRRIMDDDDWVRFGGVLRTVRVKFFDARPPDDILQGLPFSYDTNEKGGLSYATIKYATETTIFYLIYNVEFSNTPDSLVLINPTYTMTKVFINKRIVERVRVGQILAVLNRRFVAYKGKMRIMDITQSLKMGTKLAAPTV,0.99969244,>2btvA
MRWQEMGYIFYPRKLR,>sp|A0A0C5B5G6|MOTSC_HUMAN Mitochondrial-derived peptide MOTS-c OS=Homo sapiens OX=9606 GN=MT-RNR1 PE=1 SV=1,NITLKIIETYLGRVPSVNEYHMLKSQARNIQKITVFNKDIFVSLVKKNKKRFFSDVNTSASEIKDRILSYFSKQTQTYNIGKLFTIIELQSVLVTTYTDILGVLTIKAPTSMEELARDMLNSMNVAVIVSSLVKNVNKLMEEYLRRHNKSCICYGSYSLYLINPNIRYGDIDILQTNSRTFLIDLAFLIKFITGNNIILSKIPYLRNYMVIKDENDNHIIDSFNIRQDTMNVVPKIFIDNIYIVDPTFQLLNMIKMFSQIDRLEDLSKDPEKFNARMATMLEYVRYTHGIVFDGKRNNMPMKCIIDENNRIVTVTTKDYFSFKKCLVYLDENVLSSDILDLNADTSCDFESVTNSVYLIHDNIMYTYFSNTILLSDKGKVHEISARGLCAHILLYQMLTSGEYKQCLSDLLNSMMNRDKIPIYSHTERDKKPGRHGFINIEKDIIVF,0.9996916,>2gafD
MRWQEMGYIFYPRKLR,>sp|A0A0C5B5G6|MOTSC_HUMAN Mitochondrial-derived peptide MOTS-c OS=Homo sapiens OX=9606 GN=MT-RNR1 PE=1 SV=1,ATTHKFEHPLNEKTRIYLRVESLLRQAHLASGFADNHQYQLFFRALFDXVEIFEQIQLKSELAKDLEKQRLSYRHWLNVEGVDQEALNSLLNEIDVVHSQLXGAERFGQALKEDRFLSSIRQRFNLCCFDLPALHYWLHLPIERKKHDANQWQKSLKPLSDALTLWLKLARETGHFKAQIARAGFFQSDADEANILRLHIPXKYGVYPXISGHKNRFAIKFXAFENGQACSQDVEFELAVC,0.99968755,>2oezA
MRWQEMGYIFYPRKLR,>sp|A0A0C5B5G6|MOTSC_HUMAN Mitochondrial-derived peptide MOTS-c OS=Homo sapiens OX=9606 GN=MT-RNR1 PE=1 SV=1,DVREDRVVTNSTGNPINEPFVTQRIGEHGPLLLQDYNLIDSLAHFNRENIPQRNPHAHGSGAFGYFEVTDDITDICGSAMFSKIGKRTKCLTRFSTVGGDKGSADTVRDPRGFATKFYTEEGNLDWVYNNTPVFFIRDPSKFPHFIHTQKRNPQTNLRDADMFWDFLTTPENQVAIHQVMILFSDRGTPANYRSMHGYSGHTYKWSNKNGDWHYVQVHIKTDQGIKNLTIEEATKIAGSNPDYCQQDLFEAIQNGNYPSWTVYIQTMTERDAKKLPFSVFDLTKVWPQGQFPLRRVGKIVLNENPLNFFAQVEQAAFAPSTTVPYQEASADPVLQARLFSYADAHRYRLGPNFHQIPVNCPYASKFFNPAIRDGPMNVNGNFGSEPTYLANDKSYTYIQQDRPIQQHQEVWNGPAIPYHWATSPGDVDFVQARNLYRVLGKQPGQQKNLAYNIGIHVEGACPQIQQRVYDMFARVDKGLSEAIKKVAE,0.9996875,>1a4eA
MRWQEMGYIFYPRKLR,>sp|A0A0C5B5G6|MOTSC_HUMAN Mitochondrial-derived peptide MOTS-c OS=Homo sapiens OX=9606 GN=MT-RNR1 PE=1 SV=1,EDYAYVLDFMPYGHPDDKRPIHRREPLAQVVGERNFTLLEVSIRKGKQPLVMDRVYIGKGERDVVYKIKRRLRYEDLTPAAKTELPYVIEHIIKQDEKKYVDFFNDSITTRMHQLELLPGVGKKMMWAIIEERKKRPFESFEDIAQRVKGIQRPEKLIVSRIIYEIKNPQTKYKLFTA,0.9996864,>2i5hA
MRWQEMGYIFYPRKLR,>sp|A0A0C5B5G6|MOTSC_HUMAN Mitochondrial-derived peptide MOTS-c OS=Homo sapiens OX=9606 GN=MT-RNR1 PE=1 SV=1,SAHHLRVGIDVGTHSVGLATLRVDDHGTPIELLSALSHIHDSGSAVSRVAPDPLPGQGSFRRAPKCDPEFQRFRIISIVANLRISETKGENRPLTADERRHVVTFLTEDSQADLTWVDVAEKLGVHRRDLRGTRSAARPPIDATDRIXRQTKISSLKTWWEEADSEQRGAXIRYLYEDPTDSECAEIIAELPEEDQAKLDSLHLPAGRAAYSRESLTALSDHXLATTDDLHEARKRLFGVDDSWAPPAEAINAPVGNPSVDRTLKIVGRYLSAVESXWGTPEVIHVEHVRDGFTSERXADERDKANRRRYNDNQEAXKKIQRDYGKEGYISRGDIVRLDALELQGCACLYCGTTIGYHTCQLDHIVPQAGPGSNNRRGNLVAVCERCNRSKSNTPFAVWAQKCGIPHVGVKEAIGRVRGWRKQTPNTSSEDLTRLKKEVIARLRRTQEDPEIDERSXESVAWXANELHHRIAAAYPETTVXVYRGSITAAARKAAGIDSRINLIGEKGRKDRIDRRHHAVDASVVALXEASVAKTLAERSSLRGEQRLTGKEQTWKQYTGSTVGAREHFEXWRGHXLHLTELFNERLAEDKVYVTQNIRLRLSDGNAHTVNPSKLVSHRLGDGLTVQQIDRACTPALWCALTREKDFDEKNGLPAREDRAIRVHGHEIKSSDYIQVFSKRKKTDSDRDETPFGAIAVRGGFVEIGPSIHHARIYRVEGKKPVYAXLRVFTHDLLSQRHGDLFSAVIPPQSISXRCAEPKLRKAITTGNATYLGWVVVGDELEINVDSFTKYAIGRFLEDFPNTTRWRICGYDTNSKLTLKPIVLAAEGLENPSSAVNEIVELKGWRVAINVLTKVHPTVVRRDALGRPRYSSRSNLPTSWTIE,0.9996837,>4ogcA
MRWQEMGYIFYPRKLR,>sp|A0A0C5B5G6|MOTSC_HUMAN Mitochondrial-derived peptide MOTS-c OS=Homo sapiens OX=9606 GN=MT-RNR1 PE=1 SV=1,ALEWCKNRLEITGRSVFVDIXQQWVTGEEVPLYRHAIQQSIRLFLAGCAGILKPVKCXEYPPFPRLVSHGTGSAVASNLAFQHWLDLLLKDAVLDGDTIRQIDRIYLQSGIASVKWETIPEGARQIITQLXARQYPDWFGVASWSSHINGADCWTKLGVXQEHACNCDXLXIIPTRLAIELNGNSQLLTGVSTTHDLYSHLYGXAWPSGQNIIWQRDRINSLRLDFDSPSYPPSAELXGELSAVFDCEIRHWYQEPVNGIRGYDCYDRGDHVDSEYGAGPF,0.9996821,>2ijrA
MRWQEMGYIFYPRKLR,>sp|A0A0C5B5G6|MOTSC_HUMAN Mitochondrial-derived peptide MOTS-c OS=Homo sapiens OX=9606 GN=MT-RNR1 PE=1 SV=1,ALPGPSQRQLEVYDQCLIGAARWPDDSSKSNTPENRAYCQSMYNSIRSAGDEISRGGITSFEELWGRATEWRLSKLQRGEPLYSAFASERTSDTDAVTPLVKPYKSVLARVVDHEDAHDEIMQDNLFGDLNVKVYRQTAYLHGNVIPLNTFRVATDTEYLRDRVAHLRTELGAKALKQHLQRYNPDRIDHTNASYLPIIKDHLNDLYRQAISSDLSQAELISLIARTHWWAASAMPDQRGSAAKAEFAARAIASAHGIELPPFRNGNVSDIEAMLSGEEEFVEKYRSLLD,0.999681,>1nh1A
MRWQEMGYIFYPRKLR,>sp|A0A0C5B5G6|MOTSC_HUMAN Mitochondrial-derived peptide MOTS-c OS=Homo sapiens OX=9606 GN=MT-RNR1 PE=1 SV=1,RQNATEIRASVGKMIDGIGRFYIQMCTELKLSDYEGRLIQNSLTIERMVLSAFDPKKTGGPIYRRVDGKWRRELILYDKEEIRRIWRQANNGDDATAGLTHMMIWHSNLNDATYQRTRALVRTGMDPRMCSLMQGSTLPRRSGAAGAAVKGVGTMVMELIRMIKGRRTRIAYERMCNILKGKFQTAAQRTMVDQVRESRNPGNAEFEDLIFLARSALILRGSVAHKSCLPACVYGSAVASGYDFEREGYSLVGIDPFRLLQNSQVYSLIRPNENPAHKSQLVWMACHSAAFEDLRVSSFIRGTKVVPRGKLSTRGVQIASNENMETMESSTLELRSRYWAIRTRSGGNTNQQRASSGQISIQPTFSVQRNLPFDRPTIMAAFDMRTEIIRLMESARPEDVSFQGRGVFELSDEKATSPIVPSFGSYFFGDNAEEYDN,0.9996797,>4dynA
MRWQEMGYIFYPRKLR,>sp|A0A0C5B5G6|MOTSC_HUMAN Mitochondrial-derived peptide MOTS-c OS=Homo sapiens OX=9606 GN=MT-RNR1 PE=1 SV=1,MLRFVTKNSQDKSSDLFSICSDRGTFVAHNRVRTDFKFDNLVFNRVYGVSQKFTLVGNPTVCFNEGSSYLEGIAKKYLTLDGGLAIDNVLNELRSTCGIPGNAVASHAYNITSWRWYDNHVALLMNMLRAYHLQVLTEQGQYSAGDIPMYHDGHVKIKLPVTIDDTAGPTQFAWPSDRSTDSYPDWAQFSESFPSIDVPYLDVRPLTVTEVNFVLMMMSKWHRRTNLAIDYEAPQLADKFAYRHALTVQDADEWIEGDRTDDQFRPPSSKVMLSALRKYVNHNRLYNQFYTAAQLLAQIMMKPVPNCAEGYAWLMHDALVNIPKFGSIRGRYPFLLSGDAALIQATALEDWSAIMAKPELVFTYAMQVSVALNTGLYLRRVKKTGFGTTIDDSYEDGAFLQPETFVQAALACCTGQDAPLNGMSDVYVTYPDLLEFDAVTQVPITVIEPAGYNIVDDHLVVVGVPVACSPYMIFPVAAFDTANPYCGNFVIKAANKYLRKGAVYDKLEAWKLAWALRVAGYDTHFKVYGDTHGLTKFYADNGDTWTHIPEFVTDGDVMEVFVTAIERRARHFVELPRLNSPAFFRSVEVSTTIYDTHVQAGAHAVYHASRINLDYVKPVSTGIQVINAGELKNYWGSVRRTQQGLGVVGLT,0.9996793,>1m1cA
MRWQEMGYIFYPRKLR,>sp|A0A0C5B5G6|MOTSC_HUMAN Mitochondrial-derived peptide MOTS-c OS=Homo sapiens OX=9606 GN=MT-RNR1 PE=1 SV=1,PHLHQPSRDLFARRGERLLQLAEGHPMGDYLRLVAGLCRLQQALLDNPPALAPLDPERLRKSREHGMPPLAYDLLVREGAWLPWLDALLAGYPAPANAAVGAALEQLREAEEGQRKAWAIALLSGQFDLLPAALVPFLGAALQVAWSHWLLGLEEGAVVETESRTLCPACGSPPMAGMIRQTGLRYLSCSLCACEWHYVRIKCSHCEESKHLAYLSLEHGQPAEKAVLRAETCPSCQGYLKQFYLEFDRHADALADDLASLALDMRLAEDGYLRRSPNLLLAPGG,0.99967766,>2fiyA
MRWQEMGYIFYPRKLR,>sp|A0A0C5B5G6|MOTSC_HUMAN Mitochondrial-derived peptide MOTS-c OS=Homo sapiens OX=9606 GN=MT-RNR1 PE=1 SV=1,DTIKWVTLKHNGVIFPPPYQPLPSHIKLYYDGKPVDLPPQAEEVAGFFAALLESDHAKNPVFQKNFFNDFLQVLKESGGPLNGIEIKEFSRCDFTKMFDYFQLQKEQKKQLEKKQIRLEREKFEEDYKFCELDGRREQVGNFKVEPPDLFRGRGAHPKTGKLKRRVNPEDIVLNLSKDAPVPPAPEGHKWGEIRHDNTVQWLAMWRENIFNSFKYVRLAA,0.9996776,>1oisA
MRWQEMGYIFYPRKLR,>sp|A0A0C5B5G6|MOTSC_HUMAN Mitochondrial-derived peptide MOTS-c OS=Homo sapiens OX=9606 GN=MT-RNR1 PE=1 SV=1,DRIDVLKGEKALKASGLVPEHADAFKKIARELNTYILFRPVNKLATNLIKSGVATKGLNVHGKSSDWGPVAGYIPFDQDLSKKHGQQLAVEKGNLENKKSITEHEGEIGKIPLKLDHLRIEELKENGIILKGKKEIDNGKKYYLLESNNQVYEFRISDENNEVQYKTKEGKITVLGEKFNWRNIEVMAKNVEGVLKPLTADYDLFALAPSLTEIKKQIPQKEWDKVVNTPNSLEKQKGVTNLLIKYGIERKPDSTKGTLSNWQKQMLDRLNEAVKYTGYTGGDVVNHGTNEIFIINPEGEFILTKNWEMTGRFIEKNITGKDYLYYFNRSYNKIAPGNKAYIEWTDPITKAKINTIPTSAEFIKNLSSIRRSSNVGVYKDSGDKDEFAKKESVKKIAGYLSDYYNSANHIFSQEKKRKISIFRGIQAYNEIENVLKSKQIAPEYKNYFQYLKERITNQVQLLLTHQKSNIEFKLLYKQLNFTENETDNFEVFQKIIDE,0.9996774,>1k8tA
MRWQEMGYIFYPRKLR,>sp|A0A0C5B5G6|MOTSC_HUMAN Mitochondrial-derived peptide MOTS-c OS=Homo sapiens OX=9606 GN=MT-RNR1 PE=1 SV=1,AKLEALHERHEEVQALLGDAQTIADQERFRALSREYAQLSDVSRCFTDWQQVQQLQVLLLPKDPDDERNAFLEVRAGTGGDEAALFAGDLFRMYSRYAEARRWRVEIMSASEGEHGGYKEIIAKISGDGVYGRLKFESGGHRVQRVPATESQGRIHTSACTVAVMPELPDAELPDVNPADLRIDTFRSSGAGGQHVNTTDSAIRITHLPTGIVVECQDERSQHKNKAKALSVLGARIHAAEMAKRQRRNSDRNRTYNFPQGRVTDHRINLTLYRLDEVMEGKLDMLIEPIIQEHQADQLA,0.99967337,>2b3tB
MRWQEMGYIFYPRKLR,>sp|A0A0C5B5G6|MOTSC_HUMAN Mitochondrial-derived peptide MOTS-c OS=Homo sapiens OX=9606 GN=MT-RNR1 PE=1 SV=1,FAQECQNLEVERQRRLERIKQKQSQLQELILQQIAFKNLVQRNRHAEQQASRPPPPNSVIHLPFIIVNTSKKTVIDCSISNDKFEYLFNFDNTFEIHDDIEVLKRMGMACGLESGSCSAEDLKMARSLVPKALEPYVTEMAQGTVGGVF,0.99967116,>2azeA
MRWQEMGYIFYPRKLR,>sp|A0A0C5B5G6|MOTSC_HUMAN Mitochondrial-derived peptide MOTS-c OS=Homo sapiens OX=9606 GN=MT-RNR1 PE=1 SV=1,DLVDRLNTTFRQMEQELAIFAAHLEQHKLLVARVFSLPEVKKEDEHNPLNRIEVKQHLGNDAQSLALRHFRHLFIQQQSENRSSKAAVRLPGVLCYQVDNLSQAALVSHIQHINKLKTTFEHIVTVESELPTAARFEWVHRHLPGLITLNAYRTLTVLHDPATLRFGWANKHIIKNLHRDEVLAQLEKSLKSPRSVAPWTREEWQRKLEREYQDIAALPQNAKLKIKRPVKVQPIARVWYKGDQKQVQHACPTPLIALINRDNGAGVPDVGELLNYDADNVQHRYKPQAQPLRLIIPRLHLYVAD,0.9996685,>2i06A
MRWQEMGYIFYPRKLR,>sp|A0A0C5B5G6|MOTSC_HUMAN Mitochondrial-derived peptide MOTS-c OS=Homo sapiens OX=9606 GN=MT-RNR1 PE=1 SV=1,TFAEIAEAFLEPEAVRIAKEAVEEYGDHERKIIQIGIHFQVCCMFCDEYLSTNGSDRFVLIEGRKRGTAVSLQNELCKSYDLEPLPFLCDIFDREEKQFVEIGITRKADDSYFQSKFGKLGNSCKIFVFSYDGRLDKNCEGPMEEQKLRIFSFLATAADFLRKENMFNEIFLPDNEETIIEMKKGKTFLELRDESVPLPFQTYEQMKDYCEKFKGNPRELASKVSQMQSNIKLPIKHYEQNKFRQIRLPKGPMAPYTHKFLMEEAWMFTKISDPERSRAGEILIDFFKKGNLSAIRPKDKPLQGKYPIHYKNLWNQIKAAIADRTMVINENDHSEFLGGRASKKIPEISLTQDVITTEGLKQSENKLPEPRSFPRWFNAEWMWAIKDSDLTGWVPMAEYPPADNELEDYAEHLNKTMEGVLQGTNCAREMGKCILTVGALMTECRLFPGKIKVVPIYARSKERKSMQEGLPVPSEMDCLFGICVKSKSHDGMYTIITFEFSIREPNLEKHQKYTVFEAGHTTVRMKKREVPLYLYCRTTALSKIKNDWLSKARRCFITTMDTVETICLRESAKAEENLVEKTLNEKQMWIGKKNGELIAQPLREALRVQLVQQFYFCIYNDSQLEGFCNEQKKILMALEGDKKNKSSFGFNPEGLLEKIEECLINNPMCLFMAQRLNELVIEASKRGAKFFKT,0.9996674,>5d9aA
MRWQEMGYIFYPRKLR,>sp|A0A0C5B5G6|MOTSC_HUMAN Mitochondrial-derived peptide MOTS-c OS=Homo sapiens OX=9606 GN=MT-RNR1 PE=1 SV=1,GSSVLEELVQLVAAANIDISINRVITDDIELLKKILAYFLPEDAILKGGHDNQLQNGIKRVKEFLESSPNTQWELRAFMAVMHFSLTADRIDDDILKVIVDSMNHHGDARSKLREELAELTAELKIYSVIQAEINKHLSSSGTINIHDKSINLMDKNLYGYTDEEIFKASAEYKILEKMPQTTIQVDGSEKKIVSIKDFLGSENKRTGALGNLKNSYSYNKDSDKSRPLNDLVSQKTTQLSDITSRFNSAIEALNRFIQKYDSVMQRLLDD,0.9996667,>1r6fA
MRWQEMGYIFYPRKLR,>sp|A0A0C5B5G6|MOTSC_HUMAN Mitochondrial-derived peptide MOTS-c OS=Homo sapiens OX=9606 GN=MT-RNR1 PE=1 SV=1,AASKLEKFTNCYSLSKTLRFKAIPVGKTQENIDNKRLLVEDEKRAEDYKGVKKLLDRYYLSFINDVLHSIKLKNLNNYISLFRKKTRTEKENKELENLEINLRKEIAKAFKGAAGYKSLFKKDIIETILPEAAKDEIALVNSFNGFTTAFTGFFDNRENXFSEEAKSTSIAFRCINENLTRYISNXDIFEKVDAIFDKHEVQEIKEKILNSDYDVEDFFEGEFFNFVLTQEGIDVYNAIIGGFVTESGEKIKGLNEYINLYNAKTKQALPKFKPLYKQVEGYTSDEEVLEVFRNTLNKNSEIFSSIKKLEKLFKNFDEYSSAGIFVKNGPAISTISKDIFGEWNLIRDKWNAEYDDIHLKKKAVVTEKYEDDRRKSFKKIGSFSLEQLQEYADADLSVVEKLKEIIIQKVDEIYKVYGSSEKLFDADFVLEKSLKKNDAVVAIXKDLLDSVKSFENYIKAFFGEGKETNRDESFYGDFVLAYDILLKVDHIYDAIRNYVTQKPYSKDKFKLYFQNPQFXGGWDKDKETDYRATILRYGSKYYLAIXDKKYAKCLQKIDKDDVNGNYEKINYKLLPGPNKXLPKVFFSKKWXAYYNPSEDIQKIYKNGTFKKGDXFNLNDCHKLIDFFKDSISRYPKWSNAYDFNFSETEKYKDIAGFYREVEEQGYKVSFESASKKEVDKLVEEGKLYXFQIYNKDFSDKSHGTPNLHTXYFKLLFDENNHGQIRLSGGAELFXRRASLKKEELVVHPANSPIANKNPDNPKKTTTLSYDVYKDKRFSEDQYELHIPIAINKCPKNIFKINTEVRVLLKHDDNPYVIGIDRGERNLLYIVVVDGKGNIVEQYSLNEIINNFNGIRIKTDYHSLLDKKEKERFEARQNWTSIENIKELKAGYISQVVHKICELVEKYDAVIALEDLNSGFKNSRVKVEKQVYQKFEKXLIDKLNYXVDKKSNPCATGGALKGYQITNKFESFKSXSTQNGFIFYIPAWLTSKIDPSTGFVNLLKTKYTSIADSKKFISSFDRIXYVPEEDLFEFALDYKNFSRTDADYIKKWKLYSYGNRIRIFAAAAWEEVCLTSAYKELFNKYGINYQQGDIRALLCEQSDKAFYSSFXALXSLXLQXRNSITGRTDVDFLISPVKNSDGIFYDSRNYEAQENAILPKNADANGAYNIARKVLWAIGQFKKAEDEKLDKVKIAISNKEWLEYAQTSVK,0.9996665,>5id6A
MRWQEMGYIFYPRKLR,>sp|A0A0C5B5G6|MOTSC_HUMAN Mitochondrial-derived peptide MOTS-c OS=Homo sapiens OX=9606 GN=MT-RNR1 PE=1 SV=1,MLMTAEQYIESLRKLNTRVYMFGEKIENWVDHPMIRPSINCVRMTYELAQDPQYADLMTTKSNLIGKTINRFANLHQSTDDLRKKVKMQRLLGQKTASCFQRCVGMDAFNAVFSTTYEIDQKYGTNYHKNFTEYLKYIQENDLIVDGAMTDPKGDRGLAPSAQKDPDLFLRIVEKREDGIVVRGAKAHQTGSINSHEHIIMPTIAMTEADKDYAVSFACPSDADGLFMIYGRQSCDTRKMEEGADIDLGNKQFGGQEALVVFDNVFIPNDRIFLCQEYDFAGMMVERFAGYHRQSYGGCKVGVGDVVIGAAALAADYNGAQKASHVKDKLIEMTHLNETLYCCGIACSAEGYPTAAGNYQIDLLLANVCKQNITRFPYEIVRLAEDIAGGLMVTMPSEADFKSETVVGRDGETIGDFCNKFFAAAPTCTTEERMRVLRFLENICLGASAVGYRTESMHGAGSPQAQRIMIARQGNINAKKELAKAIAGIK,0.9996664,>1u8vA
MRWQEMGYIFYPRKLR,>sp|A0A0C5B5G6|MOTSC_HUMAN Mitochondrial-derived peptide MOTS-c OS=Homo sapiens OX=9606 GN=MT-RNR1 PE=1 SV=1,MCIGNSTPNEQETFRAKVDEIWFRLTQKTDGTVMRDFLIEKAAEYFKQPEQPKQNAIEVISAIMAPQEEQTKSKADLYKFLAMFGPYETIMLKIASLLLISNNKGHWLTFDPQAEKNANNQRDSISGWFDQNEPNCLILKTPTGIRKIWNKPLIEATGQYLMDENGEKYDSWDKYFEMKPILTAYPTFA,0.99966145,>1q88A
MRWQEMGYIFYPRKLR,>sp|A0A0C5B5G6|MOTSC_HUMAN Mitochondrial-derived peptide MOTS-c OS=Homo sapiens OX=9606 GN=MT-RNR1 PE=1 SV=1,SHWAQIKHKKAKVDAQRGKLFSKLIREIIVATRLGGPNPEFNPRLRTAIEQAKKANXPWENIERAIKKGAGELEGEQFEEVIYEGYAPGGVAVXVLATTDNRNRTTSEVRHVFTKHGGNLGASGCVSYLFERKGYIEVPAKEVSEEELLEKAIEVGAEDVQPGEEVHIIYTVPEELYEVKENLEKLGVPIEKAQITWKPISTVQINDEETAQKVIKLLNALEELDDVQQVIANFEIPEEILQK,0.9996613,>1lfpA
MRWQEMGYIFYPRKLR,>sp|A0A0C5B5G6|MOTSC_HUMAN Mitochondrial-derived peptide MOTS-c OS=Homo sapiens OX=9606 GN=MT-RNR1 PE=1 SV=1,GLPGKLADCQERDPALSELYLVEGDSAGGSAKQGRNRKNQAILPLKGLSSQEVATLITALGRYHSIIIXTDADVDGSHIRTLLLTFFYRQXPEIVERGHVYIAQPPLYKVKKGKQEQYIKDDEAXDQYQISIALDGATLHTNASAPALAGEALEKLVSEYNATQKXINRXERRYPKAXLKELIYQPTLTEADLSDEQTVTRWVNALVSELNDKEQHGSQWKFDVHTNALFEPIVRVRTHGVDTDYPLDHEFITGGEYRRICTLGEKLRGLLEEDAFIERGERRQPVASFEQALDWLVKESRRGLSIQRYKGLGEXNPEQLWETTXDPESRRXLRVTVKDAIAADQLFTTLXGDA,0.9996612,>3nuhB
MRWQEMGYIFYPRKLR,>sp|A0A0C5B5G6|MOTSC_HUMAN Mitochondrial-derived peptide MOTS-c OS=Homo sapiens OX=9606 GN=MT-RNR1 PE=1 SV=1,NIKGLTQASRNANDGISIAQTTEGALNEINNNLQRVRELAVQSANSTNSQSDLDSIQAEITQRLNEIDRVSGQTQFNGVKVLAQDNTLTIQVGANDGETIDIDLKQINSQTLGLDTLNVQQKYKVSDTAATVTGYADTTIALDNSTFKASATGLGGTDQKIDGDLKFDDTTGKYYAKVTVTGGTGKDGYYEVSVDKTNGEVTLAGGATSPLTGGLPATATEDVKNVQVANADLTEAKAALTAAGVTGTASVVKMSYTDNNGKTIDGGLAVKVGDDYYSATQNKDGSISINTTKYTADDGTSKTALNKLGGADGKTEVVSIGGKTYAASKAEGHNFKAQPDLAEAAATTTENPLQKIDAALAQVDTLRSDLAAVQNRFNSAITNLGNTVNNLTSAR,0.99966085,>1io1A
MRWQEMGYIFYPRKLR,>sp|A0A0C5B5G6|MOTSC_HUMAN Mitochondrial-derived peptide MOTS-c OS=Homo sapiens OX=9606 GN=MT-RNR1 PE=1 SV=1,XVKSLQLAHQLKDKRILLIGGGEVGLTRLYKLXPTGCKLTLVSPDLHKSIIPKFGKFIQKRFINPNWDPTKNEIYEYIRSDFKDEYLDLENENDAWYIIXTCIPDHPESARIYHLCKERFGKQQLVNVADKPDLCDFYFGANLEIGDRLQILISTNGLSPRFGALVRDEIRNLFTQXGDLALEDAVVKLGELRRGIRLLAPDDKDVKYRXDWARRCTDLFGIQHCHNIDVKRLLDLFKVXFQEQNCSLQFPPRERLLSEYCS,0.99966025,>1kyqA
MRWQEMGYIFYPRKLR,>sp|A0A0C5B5G6|MOTSC_HUMAN Mitochondrial-derived peptide MOTS-c OS=Homo sapiens OX=9606 GN=MT-RNR1 PE=1 SV=1,WQSDALKWSVLGLLGLLVGYLVVLMYAQGEYLFAITTLILSSAGLYIFANRKAYAWRYVYPGMAGMGLFVLFPLVCTIAIAFTNYSSTNQLTFERAQEVLLDRSWQAGKTYNFGLYPAGDEWQLALSDGETGKNYLSDAFKFGGEQKLQLKETTAQPEGERANLRVITQNRQALSDITAILPDGNKVMMSSLRQFSGTQPLYTLDGDGTLTNNQSGVKYRPNNQIGFYQSINWGDEKLSPGYTVTTGWKNFTRVFTDEGIQKPFLAIFVWTVVFSLITVFLTVAVGMVLACLVQWEALRGKAVYRVLLILPYAVPSFISILIFKGLFNQSFGEINMMLSALFGVKPAWFSDPTTARTMLIIVNTWLGYPYMMILCMGLLKAIPDDLYEASAMDGAGPFQNFFKITLPLLIKPLTPLMIASFAFNFNNFVLIQLLTNGGPDRLGTTTPAGYTDLLVNYTYRIAFEGGGGQDFGLAAAIATLIFLLVGALAI,0.99965894,>3rlfF
MRWQEMGYIFYPRKLR,>sp|A0A0C5B5G6|MOTSC_HUMAN Mitochondrial-derived peptide MOTS-c OS=Homo sapiens OX=9606 GN=MT-RNR1 PE=1 SV=1,TLYQLMDGLNTFYQQSLQQPVATSARQYLEKRGLSHEVIARFAIGFAPPGWDNVLKRFGGNPENRQSLIDAGMLVTNRSYDRFRERVMFPIRDKRGRVIGFGGRVLGNDTPKYLNSPETDIFHKGRQLYGLYEAQQDNAEPNRLLVVEGYMDVVALAQYGINYAVASLGSTTADHIQLLFRATNNVICCYDGDRAGRDAAWRALETALPYMTDGRQLRFMFLPDGEDPDTLVRKEGKEAFEARMEQAMPLSAFLFNSLMPQVDLSTPDGRARLSTLALPLISQVPGETLRIYLRQELGNKLGILDDSQLE,0.9996575,>1dd9A
MRWQEMGYIFYPRKLR,>sp|A0A0C5B5G6|MOTSC_HUMAN Mitochondrial-derived peptide MOTS-c OS=Homo sapiens OX=9606 GN=MT-RNR1 PE=1 SV=1,KVKLECNPTARIYRKHFLGKEHFNYYSLDTALGHLVFSLKYDVIGDQEHLRLLLRTKCRTYHDVIPISCLFPNVVQMAKLVCEDVNVDRFYPVLYPKASRLIVTFDEHVISNNFKFGVIYQKLGQTSEEELFSTNEESPAFVEFLEFLGQKVKLQDFKGFRGGLDVTHGQTGTESVYCNFRNKEIMFHVSTKLPYTEGDAQQLQRKRHIGNDIVAVVFQDENTPFVPDMIASNFLHAYVVVQAEGGPLYKVSVTARDDVPFFGPPLPDPAVFRKGPEFQEFLLTKLINAEYACYKAEKFAKLEERTRAALLETLYEELHIHSQSMMGLGG,0.99965566,>1srqA
MRWQEMGYIFYPRKLR,>sp|A0A0C5B5G6|MOTSC_HUMAN Mitochondrial-derived peptide MOTS-c OS=Homo sapiens OX=9606 GN=MT-RNR1 PE=1 SV=1,TTIKVPPGPLGYVYARACPSEGIELLALLSARSGDSDVAVAPLVVGLTVESGFEANVAVVVGSRTTAVSLKLTPSHYSSSVYVFHGGRHLDPSTQAPNLTRLCERARRHFGFSDYTPRPGDLKHETTGEALCERLGLDPDRALLYLVVTEGFKEAVCINNTFLHLGGSDKVTIGGAEVHRIPVYPLQLFMPDFSRVIAEPFNANHRSIGEKFTYPLPFFNRPLNRLLFEAVVGPAAVALRSRNVDAVARAAAHLAFDENHEGAALPADITFTAFAGGFEQRLASVMAGDAALALESIVSMAVFDEPPTDISAWPLFEGQDTAAARANAVGAYLARAAGLVGAMVFSTNSALHLTEVDDAGPAHSKPSFYRFFLVPGTHVAANPQVDREGHVVPGFEGRPTAPLVGGTQEFAGEHLAMLSGFSPALLAKMLFYLERCDGAVIVMDVFRYVADSNQTDVPCNLCTFDTRHACVHTTLMRLRARHPKFASAARGAIGVFGTMNSMYSDCDVLGNYAETYRAATERVMAELETLQYVDQAVPTAMGRLETIITNREALHTVVNNVRQVVDREVEQLMRNLVEFKFRDGLGEANHAMSLTLDPYACGPCPLLQLLGRRSNLAVYQDLALSQCHGVFAGQSVEGRNFRNQFQPVLRRRVMDMFNNGFLSAKTLTVALSAICAPSLTAGQTAPAESSFEGDVARVTLGFPKELRVKSRVLFSAYQKPDKRVDILLGPLGFLLKQFHAAIFPNGKPPGSNQPNPQWFWTALQRNQLPARLLSREDIETIAFIKKFSLDYGAINFINLAPNNVSELAMYYMANQILRYCDHSTYFINTLTAIIAGSRRPPSVQAAAAWSAQGGAGLEAGARALMDAVDAHPGAWTSMFASCNLLRPVMAARPMVVLGLSISKYVFQAGNWASLMGGKNACPLLIFDRTRKFVLACPRAGFVCAASSLCEQLRGIISEGGAAVASSVFVATVKSLGPRTQQLQIEDWLALLEDEYLSEEMMELTARALERGNGEWSTDAALEVAHEAE,0.99965554,>1urjA
MRWQEMGYIFYPRKLR,>sp|A0A0C5B5G6|MOTSC_HUMAN Mitochondrial-derived peptide MOTS-c OS=Homo sapiens OX=9606 GN=MT-RNR1 PE=1 SV=1,MDREALLQAVKEARELAKPRNFTQSFEFIATLKEIDMRKPENRIKTEVVLPHGRGKEAKIAVIGTGDLAKQAEELGLTVIRKEEIEELGKNKRKLRKIAKAHDFFIAQADLMPLIGRYMGVILGPRGKMPKPVPANANIKPLVERLKKTVVINTRDKPYFQVLVGNEKMTDEQIVDNIEAVLNVVAKKYEKGLYHIKDAYVKLTMGPAVKVK,0.9996551,>1i2aA
MRWQEMGYIFYPRKLR,>sp|A0A0C5B5G6|MOTSC_HUMAN Mitochondrial-derived peptide MOTS-c OS=Homo sapiens OX=9606 GN=MT-RNR1 PE=1 SV=1,MRIKLIIVEGKTDESFFKVLLEKLYGFREAKKLTPEFPIGKWGFRIGEHPLVLEKDNIALVIIHAEGKQRIPKVLKSVLDSVKLGLLNVEEVYVVRDVDEGNDVFEWVLSFLREREVRVDNGAIVTEGVKIYPYGMGNLTLNEPFVKEKKELELSLAYLAKLDGILEKYRGSMRALSQDKGDKLTPKDVMHILSIANDYTGDaLSGLYEKYIGIMIHRNRELLIRFLSEVNLLPLLERMVG,0.99965465,>2p62A
MRWQEMGYIFYPRKLR,>sp|A0A0C5B5G6|MOTSC_HUMAN Mitochondrial-derived peptide MOTS-c OS=Homo sapiens OX=9606 GN=MT-RNR1 PE=1 SV=1,SMNHYTRWLELKEQNPGKYARDIAGLMNIREAELAFARVTHDAWRMHGDIREILAALESVGETKCICRNEYAVHEQVGTFTNQHLNGHAGLILNPRALDLRLFLNQWASVFHIKENTARGERQSIQFFDHQGDALLKVYATDNTDMAAWSELLARFITDENTPLELKAVRADATVVEQEWRAMTDVHQFFTLLKRHNLTRQQAFNLVADDLACKVSNSALAQILESAQQDGNEIMVFVGNRGCVQIFTGVVEKVVPMKGWLNIFNPTFTLHLLEESIAEAWVTRKPTSDGYVTSLELFAHDGTQIAQLYGQRTEGEQEQAQWRKQIASLIP,0.9996489,>2hq2A
MRWQEMGYIFYPRKLR,>sp|A0A0C5B5G6|MOTSC_HUMAN Mitochondrial-derived peptide MOTS-c OS=Homo sapiens OX=9606 GN=MT-RNR1 PE=1 SV=1,MLIDPIELYRYPEKWIKDRDAEKKVRSGLYILTEDGYLRRGITTGTTASAAAVAAIASLKEKVEKVKVSTPAGVDVEVEVEAEKGFARVRKFSGDHEFDVTNGIIFEAEVCETSGIFFGRGVGVKAGEKAVSRSAKLQILENFIKASREFNFSGGVRISVPDGEEVAKKTGNEKVGIKGGISILGTTGFVEPWCKKLVETKLKIAMQYHRIAITTGRKAWLYARKKFPEYQPFVFGVHIDEALKHPGEKIIVGFPGLLKIWAGSRDRIEERAREEGVRVVVI,0.9996489,>1sr8A
MRWQEMGYIFYPRKLR,>sp|A0A0C5B5G6|MOTSC_HUMAN Mitochondrial-derived peptide MOTS-c OS=Homo sapiens OX=9606 GN=MT-RNR1 PE=1 SV=1,PSCLLGRVYYEAKLVTDDEDLISQCVDESLKILAENINAHLATRIHRRVYEILGVEDPYAEVKARANEVARQVLPLAKEIVEGSDDPFKTAVIVSIVGNNFDYVVEEEFRDFLKRKVQEGLKINDTERIKELSSGKVVYLTDNAGEIFFDTLLXKEIKRRCEKLTAVVRGRPIISDATIEDARLARVDKIADELLTNGKGAIGIIXDELPDETRKALEEADLIVAKGXANYECLSLKPIAFLLTAKCEPVARDIGVNVGDXVAKVVE,0.99964863,>2ffjA
MRWQEMGYIFYPRKLR,>sp|A0A0C5B5G6|MOTSC_HUMAN Mitochondrial-derived peptide MOTS-c OS=Homo sapiens OX=9606 GN=MT-RNR1 PE=1 SV=1,VRPFAGTERRAKGWIQEAALRXLNNNLHPDVKAARNWECYEAIVDTLLRLENDETLLIQSGKPVAVFRTHPDAPRVLIANSNLVPAWATWDHGSWIYIGSQGIVQGTYETFAEVARQHFGGTLAGTITLTAGLGGXGGAQPLAVTXNGGVCLAIEVDPARIQRRIDTNYLDTXTDSLDAALEXAKQAKEEKKALSIGLVGNAAEVLPRLVETGFVPDVLTDQTSAHDPLNGYIPAGLTLDEAAELRARDPKQYIARAKQSIAAHVRAXLAXQKQGAVTFDYGNNIRQVAKDEGVDDAFSFPGFVPAYIRPLFCEGKGPFRWVALSGDPEDIYKTDEVILREFSDNERLCHWIRXAQKRIKFQGLPARICWLGYGERAKFGKIINDXVAKGELKAPIVIGRDHLDAIADWPILNALLNAVGGASWVSVHHGGGVGXGYSIHAGXVIVADGTKEAEKRLERVLTTDPGLGVIRHADAGYELAIRTAKEKGIDXPXLK,0.9996375,>1x87A
MRWQEMGYIFYPRKLR,>sp|A0A0C5B5G6|MOTSC_HUMAN Mitochondrial-derived peptide MOTS-c OS=Homo sapiens OX=9606 GN=MT-RNR1 PE=1 SV=1,RQKRNRWFIHYLNYLQSLAYQLFEWENLPPTINPSFLEKSIHQFGYVGFYKDPVISYIACNGALSGQRDVYNQATVFRAASPVYQKEFKLYNYRDMKEEDMGVVIYNNDMAFPTTPTLELFAAELAELKEIISVNQNAQKTPVLIRANDSLKQVYNQYEGNAPVIFAHEALDSDSIEVFKTDAPYVVDKLNAQKNAVWNEMMTFLGIKNSNDEQIESSGTVFLKSREEACEKINELYGLNVKVKFRYDI,0.9996327,>1h5wA
MRWQEMGYIFYPRKLR,>sp|A0A0C5B5G6|MOTSC_HUMAN Mitochondrial-derived peptide MOTS-c OS=Homo sapiens OX=9606 GN=MT-RNR1 PE=1 SV=1,ALPDVRDGLKPVHRRVLYAMNVLGNDWNKAYKKSARVVGDVIGKYHPHGDSAVYDTIVRMAQPFSLRYMLVDGQGNFGSIDGDSAAAMRYTEIRLAKIAHELMADLEKETVDFVDNYDGTEKIPDVMPTKIPNLLVNGSSGIAATNIPPHNLTEVINGCLAYIDDEDISIEGLMEHIPGPDFPTAAIINGRRGIEEAYRTGRGKVYIRARAEVEVDAKTGRETIIVHEIPYQVNKARLIEKIAELVKEKRVEGISALRDESDKDGMRIVIEVKRDAVGEVVLNNLYSQTQLQVSFGINMVALHHGQPKIMNLKDIIAAFVRHRREVVTRRTIFELRKARDRAHILEALAVALANIDPIIELIRHAPTPAEAKTALVANPWQLGNVAAMLERDDAARPEWLEPEFGVRDGLYYLTEQQAQAILDLRLQKLTGLEHEKLLDEYKELLDQIAELLRILGSADRLMEVIREELELVREQFGDKRRTEIT,0.99963003,>4ckkA
MRWQEMGYIFYPRKLR,>sp|A0A0C5B5G6|MOTSC_HUMAN Mitochondrial-derived peptide MOTS-c OS=Homo sapiens OX=9606 GN=MT-RNR1 PE=1 SV=1,FEDESAPITAEDSWAVISAFFREKGLVSQQLDSFNQFVDYTLQDIICEDSTLIEISFGKIYVTKPMVNESDGVTHALYPQEARLRNLTYSSGLFVDVKKRTYEKVFIGRLPIMLRSKNCYLSEATESDLYKLKECPFDMGGYFIINGSEKVLIAQERSAGNIVQVFKKAAPSPISHVAEIRSALEKGSRFISTLQVKLYGREGSSARTIKATLPYIKQDIPIVIIFRALGIIPDGEILEHICYDVNDWQMLEMLKPCVEDGFVIQDRETALDFIGRRGTALGIKKEKRIQYAKDILQKEFLPHITQLEGFESRKAFFLGYMINRLLLCALDRKDQDDRDHFGKKRLDLAGPLLAQLFKTLFKKLTKDIFRYMQRTVELAINAKTITSGLKYALATGNWGAGVSQVLNRYTYSSTLSHLRRTNTPIAKPRQLHNTHWGLVCPAETPEGQACGLVKNLSLMSCISVGTDPMPIITFLSEWGMEPLEDYVPHQSPDATRVFVNGVWHGVHRNPARLMETLRTLRRKGDINPEVSMIRDIREKELKIFTDAGRVYRPLFIVEDDESLGHKELKVRKGHIAKLMATEYQDEYTWSSLLNEGLVEYIDAEEEESILIAMQPEDLEPDVDPAKRIRVSHHATTFTHCEIHPSMILGVAASIIPFPDHNQSPRNTYQSAMGKQAMGVFLTNYNVRMDTMANILYYPQKPLGTTRAMEYLKFRELPAGQNAIVAIACYSGYNQEDSMIMNQSSIDRGLFRSLFFRSYMDQEKKYGMSITETFEKPQRTNTLRMKHGTYDKLDDDGLIAPGVRVSGEDVIIGKTTPISSKRDASTPLRSTENGIVDQVLVTTNQDGLKFVKVRVRTTKIPQIGDKFASRHGQKGTIGITYRREDMPFTAEGIVPDLIINPHAIPSRMTVAHLIECLLSKVAALSGNEGDASPFTDITVEGISKLLREHGYQSRGFEVMYNGHTGKKLMAQIFFGPTYYQRLRHMVDDKIHARARGPGLRFGEMERDCMIAHGAASFLKERLMEASDAFRVHICGICGLMTVIAKLNHNQFECKGCDNKIDIYQIHIPYAAKLLFQELMAMNITPRLYTDRSRDF,0.9996284,>1twfB
MRWQEMGYIFYPRKLR,>sp|A0A0C5B5G6|MOTSC_HUMAN Mitochondrial-derived peptide MOTS-c OS=Homo sapiens OX=9606 GN=MT-RNR1 PE=1 SV=1,PTKISILGRESIIADFGLWRNYVAKDLISDCSSTTYVLVTDTNIGSIYTPSFEEAFRKRAAEITPSPRLLIYNRPPGEVSKSRQTKADIEDWMLSQNPPCGRDTVVIALGGGVIGDLTGFVASTYMRGVRYVQVPTTLLAMVDSSIGGKTAIDTPLGKNLIGAIWQPTKIYIDLEFLETLPVREFINGMAEVIKTAAISSEEEFTALEENAETILKAVRREVTPGEHRFEGTEEILKARILASARHKAYVVSAGLRNLLNWGHSIGHAIEAILTPQILHGECVAIGMVKEAELARHLGILKGVAVSRIVKCLAAYGLPTSLKDARIRKLTAGKHCSVDQLMFNMALDKKIVLLSAIGTPYETRASVVANEDIRVVLA,0.9996247,>1sg6A
MRWQEMGYIFYPRKLR,>sp|A0A0C5B5G6|MOTSC_HUMAN Mitochondrial-derived peptide MOTS-c OS=Homo sapiens OX=9606 GN=MT-RNR1 PE=1 SV=1,XNDLTLSPIAIIHTPYKEKFSVPRQPNLVEDGVGIVELLPPYNSPEAVRGLEQFSHLWLIFQXVGVFASRATHRPNPLGXSKVELRQVECINGNIFLHLGAVDLVDGTPIFDIKPYIAYADSEPNAQSSVKMTVEFTEQAKSAVKKREEKRPHLSRFIRQVLEDRIYGMSLYEFNVKWAGTVNCVE,0.9996235,>1xqbA
MRWQEMGYIFYPRKLR,>sp|A0A0C5B5G6|MOTSC_HUMAN Mitochondrial-derived peptide MOTS-c OS=Homo sapiens OX=9606 GN=MT-RNR1 PE=1 SV=1,GKALVIVESPAKAKTINKYLGSDYVVKSSVGHIRDLPTERGALVNRMGVDPWHNWEAHYEVLPGKEKVVSELKQLAEKADHIYLATDLDREGEAIAWHLREVIGGDDARYSRVVFNEITKNAIRQAFNKPGELNIDRVNAQQARRFMDRVVGYMVSPLLWKKIARGLSAGRVQSVAVRLVVEREREIKAFVPEEFWEVDASTTTPSGEALALQVTHQNDKPFRPVNKEQTQAAVSLLEKARYSVLEREDKPTTSKPGAPFITSTLQQAASTRLGFGVKKTMMMAQRLYEAGYITYMRTDSTNLSQDAVNMVRGYISDNFGKKYLPESPNQYAREAIRPSDVNVMAESLKDMEADAQKLYQLIWRQFVACQMTPAKYDSTTLTVGAGDFRLKARGRILRFDGWTKVMPALEDRILPAVNKGDALTLVELTPAQHFTKPPARFSEASLVKELEKRGIGRPSTYASIISTIQDRGYVRVENRRFYAEKMGEIVTDRLEENFRELMNYDFTAQMENNLDQVANHEAEWKAVLDHFFSDFTQQLDKAEKDPEEGGMRPNQM,0.9996228,>1mw9X
MRWQEMGYIFYPRKLR,>sp|A0A0C5B5G6|MOTSC_HUMAN Mitochondrial-derived peptide MOTS-c OS=Homo sapiens OX=9606 GN=MT-RNR1 PE=1 SV=1,ETVVPSRVGDLKFESDFPTQETXKNXLNEXDFQRATQAYLWGIPASSIXEWLNVSRNDFKFEEGQXGFFNTLKQKQGIITANFTTPYVIGTWNLEKTGPLIINLPEAKXAGXXLDVHQRVLSDLSLLGPDKGKGGKYLIVPPGEKYKDLNPKGYYVIRPKTNVVYGGIRILEPDVDRVVKQVVPNITTQPYADGKLGRKIPVAQVPEIDWTHIPKDGLEYWKTIHQIIQENPVEERDRFVXAQLKFLGIEKGKPFNPTEEQKKILLEASKVGRAXAQSNDYTKRFTQPYWKGTNWKDAISVSLDQRSENYDELDERAAWFYEAITVSRGXKSTIPGFGQRYLVTYQDSDGNWLSGEHTYKLHVPANVPASNFWSTTVYDENNRLXIINDAGSPDISSRKNLKVNSDGSIDVYYGPKPVKGYENNWVQTNPGEGWFTYFRFYGPTEKXFDKSWTXGDIELV,0.999621,>3vb9A
MRWQEMGYIFYPRKLR,>sp|A0A0C5B5G6|MOTSC_HUMAN Mitochondrial-derived peptide MOTS-c OS=Homo sapiens OX=9606 GN=MT-RNR1 PE=1 SV=1,ALERELLVATQAVRKASLLTKRIQSEVISHKDSTTITKNDNSPVTTGDYAAQTIIINAIKSNFPDDKVVGEESSSGLSDAFVSGILNEIKANDEVYNKNYKKDDFLFTNDQFPLKSLEDVRQIIDFGNYEGGRKGRFWCLDPIDGTKGFLRGEQFAVCLALIVDGVVQLGCIGCPNLVLSSYGAQDLKGHESFGYIFRAVRGLGAFYSPSSDAESWTKIHVRHLKDTKDMITLEGVEKGHSSHDEQTAIKNKLNISKSLHLDSQAKYCLLALGLADVYLRLPIKLSYQEKIWDHAAGNVIVHEAGGIHTDAMEDVPLDFGNGRTLATKGVIASSGPRELHDLVVSTSCDVIQSR,0.9996189,>1ka1A
MRWQEMGYIFYPRKLR,>sp|A0A0C5B5G6|MOTSC_HUMAN Mitochondrial-derived peptide MOTS-c OS=Homo sapiens OX=9606 GN=MT-RNR1 PE=1 SV=1,MKYPPSLVSLIRELSRLPGIGPKSAQRLAFHLFEQPREDIERLASALLEAKRDLHVCPICFNITDAEKCDVCADPSRDQRTICVVEEPGDVIALERSGEYRGLYHVLHGVLSPMNGVGPDKLHIKPLLPRVGQGMEVILATGTTVEGDATALYLQRLLEPLGAAISRIAYGVPVGGSLEYTDEVTLGRALTGRQTVSKP,0.9996189,>1vddA
MRWQEMGYIFYPRKLR,>sp|A0A0C5B5G6|MOTSC_HUMAN Mitochondrial-derived peptide MOTS-c OS=Homo sapiens OX=9606 GN=MT-RNR1 PE=1 SV=1,STGQHPARYPGAAAGEPTLDSWQEPPHNRWAFAHLGEMVPSAAVSRRPGHALARLGAIAAQLPDLEQRLEQTYTDAFLVLRGTEVVAEYYRAGFAPDDRHLLMAVSKSLCGTVVGALVDEGRIDPAQPVTEYVPELAGSVYDGPSVLQVLDMQISIDYNEDYVDPASEVQTHDRSAGWRTRRHGDPADTYEFLTTLRGDGSTGEFQYCSANTDVLAWIVERVTGLRYVEALSTYLWAKLDADRDATITVDTTGFGFANGGVSCTARDLARVGRMMLDGGVAPGGRVVSEDWVRRVLAGGSHEAMTDKGFTNTFPDGSYTRQWWCTGNERGNVSGIGIHGQNLWLDPLTDSVIVKLSSWPDPDTEHWHRLQNGILLDVSRALDAV,0.9996186,>2dcfA
MRWQEMGYIFYPRKLR,>sp|A0A0C5B5G6|MOTSC_HUMAN Mitochondrial-derived peptide MOTS-c OS=Homo sapiens OX=9606 GN=MT-RNR1 PE=1 SV=1,DIKAENTDANFYVfPPPTGATVVQFEQPRRgPTRPEGQNYTEGIAVVFKENIAPYKFKATMYYKDVTVSQVRFGHRYSQFMGIFEDRAPVPFEEVIDKINAKGVhRSTAKYVRNNLETTAFHRDDHETDMELKPANAATRTSRGWHTTDLKYNPSRVEAFHRYGTTVNhIVEEVDARSVYPYDEFVLATGDFVYMSPFYGYREGSHTEHTSYAADRFKQVDGFYARDLTTKARATAPTTRNLLTTPKFTVAWDWVPKRPSViTMTKWQEVDEMLRSEYGGSFRFSSDAISTTFTTNLTEYPLSRVDLGDiIGKDARDAMDRIFARRYNATHIKVGQPQYYLANGGFLIAYQPLLSNTLAELYVREHLREQSRKPPVERIKTTSSIEFARLQFTYNHIQRHVNDMLGRVAIAWgELQNHELTLWNEARKLNPNAIASVTVGRRVSARMLGDVMAVSTfVPVAADNVIVQNSMRISSRPGAjYSRPLVSFRYEDQGPLVEGQLGENNELRLTRDAIEPjTVGHRRYFTFGGGYVYFEEYAYSHQLSRADITTVSTFIDLNITMLEDHEFVPLEVYTRHEIKDSGLLDYTEVQRRNQLHDLRFADIDTVIH,0.9996176,>3nwaA
MRWQEMGYIFYPRKLR,>sp|A0A0C5B5G6|MOTSC_HUMAN Mitochondrial-derived peptide MOTS-c OS=Homo sapiens OX=9606 GN=MT-RNR1 PE=1 SV=1,SMERIKELMEMVKNSRMREILTTTSVDHMAVIKKYTSGRQEKNPALRMKWMMAMKYPISASSRIREMIPEKDEDGNTLWTNTKDAGSNRVLVSPNAVTWWNRAGPVSDVVHYPRVYKMYFDRLERLTHGTFGPVKFYNQVKVRKRVDINPGHKDLTSREAQEVIMEVVFPNEVGARTLSSDAQLTITKEKKEELKNCKISPIMVAYMLERELVRRTRFLPIAGATSSTYVEVLHLTQGTCWEQQYTPGGEAENDDLDQTLIIASRNIVRRSIVAIDPLASLLSMCHTTSISSEPLVEILRSNPTDEQAVNICKAALGIRINNSFSFGGYNFKRVKGSSQRTEKAVLTGNLQTLTMTIFEGYEEFNVSGKRASAVLKKGAQRLIQAIIGGRTLEDILNLMITLMVFSQEEKMLKAVRGDLNFVNRANQRLNPMYQLLRHFQKDSSTLLKNWGTEEIDPIMGIAGIMPDGTINKTQTLMGVRLSQNERIRVNIDKYLRVRNEKGELLISPEEVSEAQGQEKLPINYNSSLMWEVNGPESILTNTYHWIIKNWELLKTQWMTDPTVLYNRIEFEPFQTLIPKGNRAIYSGFTRTLFQQMRDVEGTFDSIQIIKLLPFSAHPPSLGRTQFSSFTLNIRGAPLRLLIRGNSQVFNYNQMENVIIVLGKSVGSPERSILTESSSIESAVLRGFLILGKANSKYGPVLTIGELDKLGRGEKANVLIGQGDTVLVMKRKRDS,0.99961597,>4wsbC
MRWQEMGYIFYPRKLR,>sp|A0A0C5B5G6|MOTSC_HUMAN Mitochondrial-derived peptide MOTS-c OS=Homo sapiens OX=9606 GN=MT-RNR1 PE=1 SV=1,SIVQEARDIQLAMELITLGARLQMLESETQLSRGRLIKLYKELRGSPPPKGMLPFSTDWFMTWEQNVHASMFCNAWQFLLKTGLCNGVDAVIKAYRLYLEQCPQAEEGPLLALTRAWTLVRFVESGLLQLSSCNCCGGNFITHAHQPVGSFACSLC,0.9996133,>2avuE
MRWQEMGYIFYPRKLR,>sp|A0A0C5B5G6|MOTSC_HUMAN Mitochondrial-derived peptide MOTS-c OS=Homo sapiens OX=9606 GN=MT-RNR1 PE=1 SV=1,GETDLQKILRESNDQFTAQMFSEVVKANPGQNVVLSAFSVLPPLGQLALASVGESHDELLRALALPNDNVTKDVFADLNRGVRAVKGVDLKMASKIYVAKGLELNDDFAAVSRDVFGSEVQNVDFVKSVEAAGAINKWVEDQTNNRIKNLVDPDALDETTRSVLVNAIYFKGSWKDKFVKERTMDRDFHVSKDKTIKVPTMIGKKDVRYADVPELDAKMIEMSYEGDQASMIIILPNQVDGITALEQKLKDPKALSRAEERLYNTEVEITLPKFKIETTTDLKEVLSNMNIKKLFTPGAARLENLLKTKESLTVDAAIQKAFIEVNEEGAEAAAANAFGIVPKSLILYPEVHIDRPFYFELKIDGIPMFNGKVIEP,0.999612,>1k9oI
MRWQEMGYIFYPRKLR,>sp|A0A0C5B5G6|MOTSC_HUMAN Mitochondrial-derived peptide MOTS-c OS=Homo sapiens OX=9606 GN=MT-RNR1 PE=1 SV=1,LEKFNLIDEPWIPVLKGGRVVEVGIGEALLRAHEFARIETPSPLEEAVLHRLLLAVLHRALSGPRaPEDVLDWWRKGGFPQDPIRDYLNRFRDRFFLFHPEAPFLQVADLPEENPLPWSKLLPELANLPKATYAQAARALLVHQAFAPGGLLRRYGVGSAKDAPVARPALFLPTGQNLLETLLLNLVPYTPEDDAPIWEVPPLRLGDLEGARTKWPLTGRTRVYTWPARGVRLLDEGDGVRFMGYGPGVEPLEATHRDPMVAQRLDAKGNLLVLRLSEERSFWRDFSAMLPRQGGKVAATLEHAENLQGELEDEGLEGRITLRVLGQVSDQAKVLDIRREVYPLPSGLLTPKAEENLEKALKMAEELGQGLKHLAQEVAKAVVYLEELTKLANSLPLERLYWHALDGAFPRFFARVEEEASLDLWREALRGAALEAWKATRRFLGTGARHLKALAQGEQEFGRLLGEL,0.99960566,>4an8A
MRWQEMGYIFYPRKLR,>sp|A0A0C5B5G6|MOTSC_HUMAN Mitochondrial-derived peptide MOTS-c OS=Homo sapiens OX=9606 GN=MT-RNR1 PE=1 SV=1,VKISIDPLTRVEGHLKIEVEVKDGKVVDAKCSGGMFRGFEQILRGRDPRDSSQIVQRICGVCPTAHCTASVMAQDDAFGVKVTTNGRITRNLIFGANYLQSHILHFYHLAALDYVKGPDVSPFVPRYANADLLTDRIKDGAKADATNTYGLNQYLKALEIRRICHEMVAMFGGRMPHVQGMVVGGATEIPTADKVAEYAARFKEVQKFVIEEYLPLIYTLGSVYTDLFETGIGWKNVIAFGVFPEDDDYKTFLLKPGVYIDGKDEEFDSKLVKEYVGHSFFDHSAPGGLHYSVGETNPNPDKPGAYSFVKAPRYKDKPCEVGPLARMWVQNPELSPVGQKLLKELYGIEAKKFRDLGDKAFSIMGRHVLRAEETWLTAVAVEKWLKQVQPGAETYVKSEIPDAAEGTGFTEAPRGALLHYLKIKDKKIENYQIVSATLWNANPRDDMGQRGPIEEALIGVPVPDIKNPVNVGRLVRSYDPXLGCAVH,0.99960244,>1cc1L
MRWQEMGYIFYPRKLR,>sp|A0A0C5B5G6|MOTSC_HUMAN Mitochondrial-derived peptide MOTS-c OS=Homo sapiens OX=9606 GN=MT-RNR1 PE=1 SV=1,ALKTAVHEKIMNDVVLAVKKNAEWKVLIVDQLSMRMVSACCKMHEIMSEGITLVEDINRRREPLPLLEAVYLITPTEESVKCLMADFQNPDNPQYRGAHIFFTEACPEELFKELCKSTTARFIKTLKEINIAFLPYESQIFSLDSPDTFQVYYNPSRAQGGIPNKERCAEQIATLCATLGEYPSVRYRSDFDENASFAQLVQQKLDAYRADDPTMGEGPQKDRSQLLILDRGFDPISPLLHELTFQAMAYDLLPIENDVYKYEVLLDEKDDLWVEMRHQHIAVVSQNVTKKLKQFADEKRGIKDLSQMLKKMPQYQKELSKYSTHLHLAEDCMKQYQQHVDKLCKVEQDLAMGTDADGEKIRDHMRNIVPILLDQKISAYDKIRIILLYIIHKGGISEENLAKLVQHAHIPAEEKWIINDMQNLGVPIIQDGGRRKIPQPYHTHNRKERQADHTYQMSRWTPYMKDIMEAAVEDKLDTRHYPFLNGGGKSGPRLIIFVVGGISYSEMRSAYEVTQTAKNNWEVILGSTHILTPEGLLRDLRKISNP,0.99960166,>1fvhA
MRWQEMGYIFYPRKLR,>sp|A0A0C5B5G6|MOTSC_HUMAN Mitochondrial-derived peptide MOTS-c OS=Homo sapiens OX=9606 GN=MT-RNR1 PE=1 SV=1,QAKIFAQTTKMLEFAKQLLETDDFSTLREAYYVSKNWGEARFDDQQASNNVIEDLEAALGVLREHLGFIPEEDGSSVVGPLKIIEETPEGELVVDCTKLGTGAYNIPNDVTKLNLETDADFILAIETSGMFARLNAERFWDKHNCILVSLKGVPARATRRFIKRLHEEHDLPVLVFTDGDPYGYLNIYRTLKVDKLSIPAARLIGVTPQDIIDYDLPTHPLKEQDIKRIKDGLKNDDFVRSFPEWQKALKQMLDMGVRAEQQSLAKYGLKYVVNTYLPEKIKDESTWLP,0.99960095,>1d3yA
MRWQEMGYIFYPRKLR,>sp|A0A0C5B5G6|MOTSC_HUMAN Mitochondrial-derived peptide MOTS-c OS=Homo sapiens OX=9606 GN=MT-RNR1 PE=1 SV=1,FQGXASIVFSTIGNPKGYQKVTYEIDGEKFESNVSVLALRDLLKVDKTVVILGISVADVYNaKYADYRSCKEaIIQNSKNDLGISESYVVAPNVYQKFKGKPDHYFTYIYYHSLRILEKEGINEVFIDTTHGINYXGVLAKEAIQLAVSAYAAKSEKEVKVSLYNSDPVGKDVSDTVKLHEIEAIKISPLSGLKYVTYQILNKDKNFFNKIFSDSVNAIPRFATALDNGLFIYLSEKDSSLHLKRLEDDLSKDPLLTPSENEINVVYKDXKYALSHALFYVISRFSGNVDLDTLRHYAETYADKVTRAIIENEVDKIEKYQXGSERKLLGEYXRILYAHGGLPYAGTYVYKEKDKVYVTYGDKIDEIERQI,0.9995966,>2i71A
MRWQEMGYIFYPRKLR,>sp|A0A0C5B5G6|MOTSC_HUMAN Mitochondrial-derived peptide MOTS-c OS=Homo sapiens OX=9606 GN=MT-RNR1 PE=1 SV=1,LYTANDFILISLPQNAQPVTAPGSKTDSWFNETLIGGRAFVSDFKIPEFKIGSLDTLIVESEELSKVDNQIGASIGKIIEILQGLNETSTNAYRTLPINNMPVPEYLENFQWQTRKFKLDKSIKDLITLISNESSQLDADVRATYANYNSAKTNLAAAERKKTGDLSVRSLHDIVKPEDFVLNSEHLTTVLVAVPKSLKSDFEKSYETLSKNVVPASASVIAEDAEYVLFNVHLFKKNVQEFTTAAREKKFIPREFNYSEELIDQLKKEHDSAASLEQSLRVQLVRLAKTAYVDVFINWFHIKALRVYVESVLRYGLPPHFNIKIIAVPPKNLSKCKSELIDAFGFLGGNAFMYEPFVMYIINL,0.9995853,>1u7lA
MRWQEMGYIFYPRKLR,>sp|A0A0C5B5G6|MOTSC_HUMAN Mitochondrial-derived peptide MOTS-c OS=Homo sapiens OX=9606 GN=MT-RNR1 PE=1 SV=1,TQQMAVSIINSSFEAAVVAATSALENMGIEYDYQDIYSRVKNKFDFVMDDSGVKNNPIGKAITIDQALNNKFGSAIRNRNWLADTSRPAKLDEDVNKLRMMLGIDQKMRVLNACFSVKRIPGKSSSIIKCTKLMRDKLERGEVEVDDSFVDEKM,0.9995845,>1knzA
MRWQEMGYIFYPRKLR,>sp|A0A0C5B5G6|MOTSC_HUMAN Mitochondrial-derived peptide MOTS-c OS=Homo sapiens OX=9606 GN=MT-RNR1 PE=1 SV=1,TQWKNALSEGQLQQALELLIEAIKASPKDASLRSSFIELLCIDGDFERADEQLXQSIKLFPEYLPGASQLRHLVKAAQARKDFAQGAATAKVLGENEELTKSLVSFNLSXVSQDYEQVSELALQIEELRQEKGFLANDTSFSDVRDIDDRLGGYIELFSTAGNYFLVPIASINTLEIKSATSLLESVWRPVEFDIDGLGEGEGHXPXTYVDSESDAQKLGRETDWKQIADKEVYLGLGLKCWLVGEXALPISDLQNLQVIKELALE,0.99958193,>1zbpA
MRWQEMGYIFYPRKLR,>sp|A0A0C5B5G6|MOTSC_HUMAN Mitochondrial-derived peptide MOTS-c OS=Homo sapiens OX=9606 GN=MT-RNR1 PE=1 SV=1,YIGDFRaIQLVNSNGANVSAPSISTETVEVSQGLGTYYVLDRVYLNATLLLTGYYPVDGSKFRNLALRGTNSVSLSWFQPPYLNQFNDGIFAKVQNLKTSTPSGATAYFPTIVIGSLFGYTSYTVVIEPYNGVIMASVbQYTIaQLPYTDcKPNTNGNKLIGFWHTDVKPPIbVLKRNFTLNVNADAFYFHFYQHGGTFYAYYADKPSATTFLFSVYIGDILTQYYVLPFIcNPTAGSTFAPRYWVTPLVKRQYLFNFNQKGVITSAVDdASSYTSEIKdKTQSMLPSTGVYELSGYTVQPVGVVYRRVANLPAeNIEEWLTARSVPSPLNWERKTFQNeNFNLSSLLRYVQAESLFfNNIDASKVYGRgFGSISVDKFAVPRSRQVDLQLGNSGFLQTANYKIDTAATSfQLHYTLPKNNVTINNHNPSSWNRRYGFNDAGVFGKNQHDVVYAQQhFTVRSSYhPiAQPDIVSPjTTQTKPKSAFVNVGDHkEGLGVLEDNjGNADPHKGkIiANNSFIGWSHDTlLVNDRlQIFANILLNGINSGTTgSTDLQLPNTEVVTGImVKYDLYGITGQGVFKEVKADYYNSWQTLLYDVNGNLNGFRDLTTNKTYTIRSmYSGRVSAAFHKDAPEPALLYRNINnSYVFSNNISREENPLNYFDSYLGnVVNADNRTDEALPNoDLRMGAGLoVDYSKSRRAHSSVSTGYRLTTFEPYTPMLVNDSVQSVDGLYEMQIPTNFTIGHHEEFIQTRSPKVTIDpAAFVqGDNTAqRQQLVEYGSFpVNVNAILNEVNNLLDNMQLQVASALMQGVSAIRGRSAIEDLLFDKVKLSDVGFVEAYNNrTGGQEVRDLLrVQSFNGIKVLPPVLSESQISGYTTGATAAAMFPPWSAAAGVPFSLSVQYRINGLGVTMNVLSENQKMIASAFNNALGAIQDGFDATNSALGKIQSVVNANAEALNNLLNQLSNRFGAISASLQEILTRLEAVEAKAQIDRLINGRLTALNAYISKQLSDSTLIKVSAAQAIEKVNEsVKSQTTRINFsGNGNHILSLVQNAPYGLYFIHFSYV,0.9995784,>3jclA
MRWQEMGYIFYPRKLR,>sp|A0A0C5B5G6|MOTSC_HUMAN Mitochondrial-derived peptide MOTS-c OS=Homo sapiens OX=9606 GN=MT-RNR1 PE=1 SV=1,AFELSPSDLEPLLQGACFFGSGGGGTXISARHLAANFRKGDYYPTDKVRVVDVDEATDGDCVXVAYXGAPDAINQVQWPNGPVEAALAARQRLESQGRKLAYVVAPESGALGFVVASLVAAKLGLAVVDADGAGRAVPSLPXLTYAAAGVPPTPAFLAGESGLCVELGVRXPPPDREDISTVVEQXLRPILTNPQFGQFGGLAXWXXSPAQLGGALPVRGTLSRALKLGRALQDGKVKTAEAXLDFLRRELDIKGKLLFGPATLASPGKVVLEDGERRCTVLYQNESLLAWDSALSHPLATAPDAISYFVEGEGQHVFSNGDLSGNDHGLDPSVRGRKAAVIALPAAAPLSEGLILQSFADELAQLGYLGPYAPVD,0.9995779,>2o3iA
MRWQEMGYIFYPRKLR,>sp|A0A0C5B5G6|MOTSC_HUMAN Mitochondrial-derived peptide MOTS-c OS=Homo sapiens OX=9606 GN=MT-RNR1 PE=1 SV=1,EFDREIVDIVDYVXNYEISSKVAYDTAHYCLLDTLGCGLEALEYPACKKLLGPIVPGTVVPNGVRVPGTQFQLDPVQAAFNIGAXIRWLDFNDTWLAAEWGHPSDNLGGILATADWLSRNAVASGKAPLTXKQVLTAXIKAHEIQGCIALENSFNRVGLDHVLLVKVASTAVVAEXLGLTREEILNAVSLAWVDGQSLRTYRHAPNTGTRKSWAAGDATSRAVRLALXAKTGEXGYPSALTAPVWGFYDVSFKGESFRFQRPYGSYVXENVLFKISFPAEFHSQTAVEAAXTLYEQXQAAGKTAADIEKVTIRTHEACIRIIDKKGPLNNPADRDHCIQYXVAIPLLFGRLTAADYEDNVAQDKRIDALREKINCFEDPAFTADYHDPEKRAIANAITLEFTDGTRFEEVVVEYPIGHARRRQDGIPKLVDKFKINLARQFPTRQQQRILEVSLDRARLEQXPVNEYLDLYVI,0.99957186,>1szqA
MRWQEMGYIFYPRKLR,>sp|A0A0C5B5G6|MOTSC_HUMAN Mitochondrial-derived peptide MOTS-c OS=Homo sapiens OX=9606 GN=MT-RNR1 PE=1 SV=1,MRAAVVYKTDGHVKRIEEALKRLEVEVELFNQPSEELENFDFIVSVGGDGTILRILQKLKRCPPIFGINTGRVGLLTHASPENFEVELKKAVEKFEVERFPRVSCSAMPDVLALNEIAVLSRKPAKMIDVALRVDGVEVDRIRCDGFIVATQIGSTGYAFSAGGPVVEPYLECFILIPIAPFRFGWKPYVVSMERKIEVIAEKAIVVADGQKSVDFDGEITIEKSEFPAVFFKNEKRFRNLFGKVRSI,0.9995649,>1z0sA
MRWQEMGYIFYPRKLR,>sp|A0A0C5B5G6|MOTSC_HUMAN Mitochondrial-derived peptide MOTS-c OS=Homo sapiens OX=9606 GN=MT-RNR1 PE=1 SV=1,LDQIWDDLRAGIQQVYTRQSMAKSRYMELYTHVYNYCTSVGLELYKRLKEFLKNYLTNLLKDGEDLMDESVLKFYTQQWEDYRFSSKVLNGICAYLNRHWVRRECYEIYSLALVTWRDCLFRPLNKQVTNAVLKLIEKERNGETINTRLISGVVQSYVELGLNEDDAFAKGPTLTVYKESFESQFLADTERFYTRESTEFLQQNPVTEYMKKAEARLLEEQRRVQVYLHESTQDELARKCEQVLIEKHLEIFHTEFQNLLDADKNEDLGRMYNLVSRIQDGLGELKKLLETHIHNQGLAAIEKCGEAALNDPKMYVQTVLDVHKKYNALVMSAFNNDAGFVAALDKACGRFINNNAVTKMAQSSSKSPELLARYCDSLLKKSSKNPEEAELEDTLNQVMVVFKYIEDKDVFQKFYAKMLAKRLVHQNSASDDAEASMISKLKQACGFEYTSKLQRMFQDIGVSKDLNEQFKKHLTNSEPLDLDFSIQVLSSGSWPFQQSCTFALPSELERSYQRFTAFYASRHSGRKLTWLYQLSKGELVTNCFKNRYTLQASTFQMAILLQYNTEDAYTVQQLTDSTQIKMDILAQVLQILLKSKLLVLEDENANVDEVELKPDTLIKLYLGYKNKKLRVNINVPMKTEQKQEQETTHKNIEEDRKLLIQAAIVRIMKMRKVLKHQQLLGEVLTQLSSRFKPRVPVIKKCIDILIEKEYLERVDGEKDTYSYLA,0.9995605,>1ldjA
MRWQEMGYIFYPRKLR,>sp|A0A0C5B5G6|MOTSC_HUMAN Mitochondrial-derived peptide MOTS-c OS=Homo sapiens OX=9606 GN=MT-RNR1 PE=1 SV=1,KKAPVIWVQGQGCTGCSVSLLNAVHPRIKEILLDVISLEFHPTVMASEGEMALAHMYEIAEKFNGNFFLLVEGAIPTAKEGRYCIVGEAKAHHHEVTMMELIRDLAPKSLATVAVGTCSAYGGIPAAEGNVTGSKSVRDFFADEKIEKLLVNVPGCPPHPDWMVGTLVAAWSHVLNPTEHPLPELDDDGRPLLFFGDNIHENCPYLDKYDNSEFAETFTKPGCKAELGCKGPSTYADCAKRRWNNGINWCVENAVCIGCVEPDFPDGKSPFYVAE,0.99956024,>1cc1S
MRWQEMGYIFYPRKLR,>sp|A0A0C5B5G6|MOTSC_HUMAN Mitochondrial-derived peptide MOTS-c OS=Homo sapiens OX=9606 GN=MT-RNR1 PE=1 SV=1,MHYDVIVIGGGPSGLMAAIGAAEEGANVLLLDKGNKLGRKLAISGGGRCNVTNRLPLDEIVKHIPGNGRFLYSAFSIFNNEDIITFFENLGVKLKEEDHGRMFPVSNKAQSVVDALLTRLKDLGVKIRTNTPVETIEYENGQTKAVILQTGEVLETNHVVIAVGGKSVPQTGSTGDGYAWAEKAGHTITELFPTEVPILSNEPFIRDRSLQGLALRDINLSVLNAIISHKMDMLFTHFGLSGPAALRCSQFVVKALKKFKTNTIQMSIDALPEENSEQLFQRMLKQMKEDPKKGIKNVLKGYVPERYFLFLLEKNEIDGSEQAGQVSHEKIRALVKDFKEFTVNVNGTQSIEKAFVTGGGVSVKEINPKEMSSKFTNGLYFCGEVLDIHGYTGGYNITSALVTGRIAGTTAGENAK,0.9995576,>2i0zA
MRWQEMGYIFYPRKLR,>sp|A0A0C5B5G6|MOTSC_HUMAN Mitochondrial-derived peptide MOTS-c OS=Homo sapiens OX=9606 GN=MT-RNR1 PE=1 SV=1,RVSDEEKVRIAAKFITHAPPGEFNEVFNDVRLLLNNDNLLREGAAHAFAQYNMDQFTPVKIEGYDDQVLITEHGDLGNGRFLDPRNKISFKFDHLRKEASDPQPEDTESALKQWRDACDSALRAYVKDHYPNGFCTVYGKSIDGQQTIIACIESHQFQPKNFWNGRWRSEWKFTITPPTAQVAAVLKIQVHYYEDGNVQLVSHKDIQDSVQVSSDVQTAKEFIKIIENAENEYQTAISENYQTMSDTTFKALRRQLPVTRTKIDWNKILS,0.99954,>3aa0A
